Workbook

Sheet Summary
A1: The method to prepare the Ramp up Dashboard for a GCC Set up and track hiring, costs, projects etc
A2: Sheets we use here are:
A3: 1. Hiring info data (Raw Data) - should have any and all data for the hires, can be referred to in case of doubts or mismatches
B4: We further have a list to explain each variable in details
A5: 2. Ramp up Data (Raw Data Refined) - only variable that will be of use in the Dashboard
A6: 3. Refined view of all Roles, teams, Streams and any other level of granularity we might have (Roles) (Dimension Tables)
A7: 4. Stream, Team, Etc
A8: 5. Planned Ramp up data (Planned Demand)
A9: 6. HR metrics - Talent data for all hirees - skills, trainings, attrition, GallupQ, etc
A10: 7. Health Score - a summary score taken from executives on what the current status of health is for the GCC
B11: The summary needs to only be used for the current month, we can keep a separate history for all months prior, the data is used for current month only, and only latest data should be updated
A12: 8. Program trackers for different control towers to monitor overall progress on different fronts
A13: 9. Financial information - info on all the spend for the GCC, can have different parts - for ex. Fixed, labour, etc
B14: Financial Forecast - Variable spend for the GCC - labor spend
B15: Fixed spend - spend across Governance, Workplace Advisory and Real Estate (WARE), and Enterprise Strategy & Operational Blueprint (ESOB)
A17: Color codes-
A18: Red | B18: #FF0A0A
A19: Amber | B19: #FFAF3E
A20: Green | B20: #15AD5D
A21: Grey | B21: #E6E6E6
A22: Program Codes
A23: Green | B23: #ADEBAD
A24: Yellow | B24: #FCC578
A25: Red | B25: #F9A9A9

Sheet Raw Data
A1: CIDNo. | B1: Stream | C1: Stream Internal | D1: Team | E1: Role | F1: Client Side Role | G1: Skill | H1: Job Level | I1: Demand Date | J1: Candidate name | K1: Date Job Requirement Released | L1: Date Offered | M1: Date Onboarded | N1: Internal/External | O1: Pipeline Updated | P1: Candidate Stage | Q1: Role_IDP | R1: Role ID
A2: C0000001 | B2: Sales and Marketing | C2: SAM | D2: SalesTeam4 | E2: Brand Manager | F2: Brand Manager | G2: {=_xlfn.SWITCH(C2, "SAM", "Salesforce", "ITES","Jira", "ENGG","Python", "RND","Microsoft Platforms")} -> Salesforce | H2: =VLOOKUP(E2,Roles!$C$1:$D$197,2,FALSE) -> 7 | I2: 45878 | J2: Ben Grimm | K2: 45928 | N2: Internal | P2: Interviewing | Q2: =CONCATENATE(C2,"_",D2,"_",E2) -> SAM_SalesTeam4_Brand Manager | R2: =VLOOKUP(Q2,Roles!$A$2:$B$300,2,FALSE) -> 1
A3: C0000002 | B3: IT and Support | C3: ITES | D3: ITTeam5 | E3: System Administrator | F3: System Administrator | G3: {=_xlfn.SWITCH(C3, "SAM", "Salesforce", "ITES","Jira", "ENGG","Python", "RND","Microsoft Platforms")} -> Jira | H3: =VLOOKUP(E3,Roles!$C$1:$D$197,2,FALSE) -> 9 | I3: 45891 | J3: Jessica Jones | K3: 45947 | L3: 45962 | M3: 45975 | N3: Internal | O3: 2 | P3: Offered | Q3: =CONCATENATE(C3,"_",D3,"_",E3) -> ITES_ITTeam5_System Administrator | R3: =VLOOKUP(Q3,Roles!$A$2:$B$300,2,FALSE) -> 2
A4: C0000003 | B4: IT and Support | C4: ITES | D4: ITTeam5 | E4: IT Support Specialist | F4: IT Support Specialist | G4: {=_xlfn.SWITCH(C4, "SAM", "Salesforce", "ITES","Jira", "ENGG","Python", "RND","Microsoft Platforms")} -> Jira | H4: =VLOOKUP(E4,Roles!$C$1:$D$197,2,FALSE) -> 9 | I4: 45901 | J4: Danny Rand | K4: 45972 | N4: Internal | P4: Interviewing | Q4: =CONCATENATE(C4,"_",D4,"_",E4) -> ITES_ITTeam5_IT Support Specialist | R4: =VLOOKUP(Q4,Roles!$A$2:$B$300,2,FALSE) -> 3
A5: C0000004 | B5: Sales and Marketing | C5: SAM | D5: SalesTeam4 | E5: Sales Director | F5: Sales Director | G5: {=_xlfn.SWITCH(C5, "SAM", "Salesforce", "ITES","Jira", "ENGG","Python", "RND","Microsoft Platforms")} -> Salesforce | H5: =VLOOKUP(E5,Roles!$C$1:$D$197,2,FALSE) -> 4 | I5: 45889 | J5: Luke Cage | K5: 45963 | N5: Internal | P5: Interviewing | Q5: =CONCATENATE(C5,"_",D5,"_",E5) -> SAM_SalesTeam4_Sales Director | R5: =VLOOKUP(Q5,Roles!$A$2:$B$300,2,FALSE) -> 4
A6: C0000005 | B6: Engineering | C6: ENGG | D6: EngineeringTeam1 | E6: Platform Delivery Lead | F6: Platform Delivery Lead | G6: {=_xlfn.SWITCH(C6, "SAM", "Salesforce", "ITES","Jira", "ENGG","Python", "RND","Microsoft Platforms")} -> Python | H6: =VLOOKUP(E6,Roles!$C$1:$D$197,2,FALSE) -> 5 | I6: 45881 | J6: Bucky Barnes | K6: 45931 | N6: Internal | P6: Interviewing | Q6: =CONCATENATE(C6,"_",D6,"_",E6) -> ENGG_EngineeringTeam1_Platform Delivery Lead | R6: =VLOOKUP(Q6,Roles!$A$2:$B$300,2,FALSE) -> 5
A7: C0000006 | B7: Engineering | C7: ENGG | D7: EngineeringTeam10 | E7: Staff Engineer | F7: Staff Engineer | G7: {=_xlfn.SWITCH(C7, "SAM", "Salesforce", "ITES","Jira", "ENGG","Python", "RND","Microsoft Platforms")} -> Python | H7: =VLOOKUP(E7,Roles!$C$1:$D$197,2,FALSE) -> 11 | I7: 45926 | J7: Jessica Morales | K7: 45990 | N7: Internal | P7: Interviewing | Q7: =CONCATENATE(C7,"_",D7,"_",E7) -> ENGG_EngineeringTeam10_Staff Engineer | R7: =VLOOKUP(Q7,Roles!$A$2:$B$300,2,FALSE) -> 6
A8: C0000007 | B8: IT and Support | C8: ITES | D8: ITTeam2 | E8: Network Administrator | F8: Network Administrator | G8: {=_xlfn.SWITCH(C8, "SAM", "Salesforce", "ITES","Jira", "ENGG","Python", "RND","Microsoft Platforms")} -> Jira | H8: =VLOOKUP(E8,Roles!$C$1:$D$197,2,FALSE) -> 9 | I8: 45856 | J8: Gwen Stacy | K8: 45910 | L8: 45925 | M8: 45958 | N8: Internal | O8: 0 | P8: Offered | Q8: =CONCATENATE(C8,"_",D8,"_",E8) -> ITES_ITTeam2_Network Administrator | R8: =VLOOKUP(Q8,Roles!$A$2:$B$300,2,FALSE) -> 7
A9: C0000008 | B9: IT and Support | C9: ITES | D9: ITTeam1 | E9: System Administrator | F9: System Administrator | G9: {=_xlfn.SWITCH(C9, "SAM", "Salesforce", "ITES","Jira", "ENGG","Python", "RND","Microsoft Platforms")} -> Jira | H9: =VLOOKUP(E9,Roles!$C$1:$D$197,2,FALSE) -> 9 | I9: 45834 | J9: T'Challa Udaku | K9: 45900 | L9: 45912 | M9: 45999 | N9: Internal | O9: 0 | P9: Offered | Q9: =CONCATENATE(C9,"_",D9,"_",E9) -> ITES_ITTeam1_System Administrator | R9: =VLOOKUP(Q9,Roles!$A$2:$B$300,2,FALSE) -> 8
A10: C0000009 | B10: Engineering | C10: ENGG | D10: EngineeringTeam1 | E10: Software Developer 1 | F10: Software Developer 1 | G10: {=_xlfn.SWITCH(C10, "SAM", "Salesforce", "ITES","Jira", "ENGG","Python", "RND","Microsoft Platforms")} -> Python | H10: =VLOOKUP(E10,Roles!$C$1:$D$197,2,FALSE) -> 11 | I10: 45864 | J10: Kate Bishop | K10: 45931 | L10: 45946 | M10: 45972 | N10: Internal | O10: 2 | P10: Offered | Q10: =CONCATENATE(C10,"_",D10,"_",E10) -> ENGG_EngineeringTeam1_Software Developer 1 | R10: =VLOOKUP(Q10,Roles!$A$2:$B$300,2,FALSE) -> 9
A11: C0000010 | B11: Sales and Marketing | C11: SAM | D11: SalesTeam3 | E11: Sales Director | F11: Sales Director | G11: {=_xlfn.SWITCH(C11, "SAM", "Salesforce", "ITES","Jira", "ENGG","Python", "RND","Microsoft Platforms")} -> Salesforce | H11: =VLOOKUP(E11,Roles!$C$1:$D$197,2,FALSE) -> 4 | I11: 45904 | J11: Kate Cage | K11: 45959 | L11: 45975 | M11: 46007 | N11: Internal | O11: 2 | P11: Offered | Q11: =CONCATENATE(C11,"_",D11,"_",E11) -> SAM_SalesTeam3_Sales Director | R11: =VLOOKUP(Q11,Roles!$A$2:$B$300,2,FALSE) -> 10
A12: C0000011 | B12: Sales and Marketing | C12: SAM | D12: SalesTeam5 | E12: Sales Director | F12: Sales Director | G12: {=_xlfn.SWITCH(C12, "SAM", "Salesforce", "ITES","Jira", "ENGG","Python", "RND","Microsoft Platforms")} -> Salesforce | H12: =VLOOKUP(E12,Roles!$C$1:$D$197,2,FALSE) -> 4 | I12: 45872 | J12: Luke Maximoff | K12: 45942 | L12: 45955 | M12: 46016 | N12: Internal | O12: 0 | P12: Offered | Q12: =CONCATENATE(C12,"_",D12,"_",E12) -> SAM_SalesTeam5_Sales Director | R12: =VLOOKUP(Q12,Roles!$A$2:$B$300,2,FALSE) -> 11
A13: C0000012 | B13: IT and Support | C13: ITES | D13: ITTeam6 | E13: System Administrator | F13: System Administrator | G13: {=_xlfn.SWITCH(C13, "SAM", "Salesforce", "ITES","Jira", "ENGG","Python", "RND","Microsoft Platforms")} -> Jira | H13: =VLOOKUP(E13,Roles!$C$1:$D$197,2,FALSE) -> 9 | I13: 45927 | J13: Luke Khan | K13: 45994 | N13: Internal | P13: Interviewing | Q13: =CONCATENATE(C13,"_",D13,"_",E13) -> ITES_ITTeam6_System Administrator | R13: =VLOOKUP(Q13,Roles!$A$2:$B$300,2,FALSE) -> 12
A14: C0000013 | B14: Sales and Marketing | C14: SAM | D14: SalesTeam8 | E14: Digital Marketing Specialist | F14: Digital Marketing Specialist | G14: {=_xlfn.SWITCH(C14, "SAM", "Salesforce", "ITES","Jira", "ENGG","Python", "RND","Microsoft Platforms")} -> Salesforce | H14: =VLOOKUP(E14,Roles!$C$1:$D$197,2,FALSE) -> 10 | I14: 45888 | J14: Logan Howlett | K14: 45955 | L14: 45966 | M14: 46053 | N14: Internal | O14: 1 | P14: Offered | Q14: =CONCATENATE(C14,"_",D14,"_",E14) -> SAM_SalesTeam8_Digital Marketing Specialist | R14: =VLOOKUP(Q14,Roles!$A$2:$B$300,2,FALSE) -> 13
A15: C0000014 | B15: Research | C15: RND | D15: ResearchTeam8 | E15: Innovation Manager | F15: Innovation Manager | G15: {=_xlfn.SWITCH(C15, "SAM", "Salesforce", "ITES","Jira", "ENGG","Python", "RND","Microsoft Platforms")} -> Microsoft Platforms | H15: =VLOOKUP(E15,Roles!$C$1:$D$197,2,FALSE) -> 8 | I15: 45823 | J15: Natasha Romanoff | K15: 45877 | L15: 45895 | M15: 45913 | N15: Internal | O15: 0 | P15: Offered | Q15: =CONCATENATE(C15,"_",D15,"_",E15) -> RND_ResearchTeam8_Innovation Manager | R15: =VLOOKUP(Q15,Roles!$A$2:$B$300,2,FALSE) -> 14
A16: C0000015 | B16: Sales and Marketing | C16: SAM | D16: SalesTeam5 | E16: Brand Manager | F16: Brand Manager | G16: {=_xlfn.SWITCH(C16, "SAM", "Salesforce", "ITES","Jira", "ENGG","Python", "RND","Microsoft Platforms")} -> Salesforce | H16: =VLOOKUP(E16,Roles!$C$1:$D$197,2,FALSE) -> 7 | I16: 45925 | J16: Jean Grey | K16: 45988 | L16: 45999 | M16: 46052 | N16: Internal | O16: 2 | P16: Offered | Q16: =CONCATENATE(C16,"_",D16,"_",E16) -> SAM_SalesTeam5_Brand Manager | R16: =VLOOKUP(Q16,Roles!$A$2:$B$300,2,FALSE) -> 15
A17: C0000016 | B17: IT and Support | C17: ITES | D17: ITTeam9 | E17: System Administrator | F17: System Administrator | G17: {=_xlfn.SWITCH(C17, "SAM", "Salesforce", "ITES","Jira", "ENGG","Python", "RND","Microsoft Platforms")} -> Jira | H17: =VLOOKUP(E17,Roles!$C$1:$D$197,2,FALSE) -> 9 | I17: 45840 | J17: Matt Murdock | K17: 45887 | N17: Internal | P17: Interviewing | Q17: =CONCATENATE(C17,"_",D17,"_",E17) -> ITES_ITTeam9_System Administrator | R17: =VLOOKUP(Q17,Roles!$A$2:$B$300,2,FALSE) -> 16
A18: C0000017 | B18: IT and Support | C18: ITES | D18: ITTeam3 | E18: Technical Support Analyst | F18: Technical Support Analyst | G18: {=_xlfn.SWITCH(C18, "SAM", "Salesforce", "ITES","Jira", "ENGG","Python", "RND","Microsoft Platforms")} -> Jira | H18: =VLOOKUP(E18,Roles!$C$1:$D$197,2,FALSE) -> 11 | I18: 45862 | J18: Hal Jordan | K18: 45929 | L18: 45939 | M18: 46009 | N18: Internal | O18: 2 | P18: Offered | Q18: =CONCATENATE(C18,"_",D18,"_",E18) -> ITES_ITTeam3_Technical Support Analyst | R18: =VLOOKUP(Q18,Roles!$A$2:$B$300,2,FALSE) -> 17
A19: C0000018 | B19: IT and Support | C19: ITES | D19: ITTeam10 | E19: Technical Support Analyst | F19: Technical Support Analyst | G19: {=_xlfn.SWITCH(C19, "SAM", "Salesforce", "ITES","Jira", "ENGG","Python", "RND","Microsoft Platforms")} -> Jira | H19: =VLOOKUP(E19,Roles!$C$1:$D$197,2,FALSE) -> 11 | I19: 45921 | J19: Gwen Bishop | K19: 45989 | L19: 46007 | M19: 46016 | N19: Internal | O19: 1 | P19: Offered | Q19: =CONCATENATE(C19,"_",D19,"_",E19) -> ITES_ITTeam10_Technical Support Analyst | R19: =VLOOKUP(Q19,Roles!$A$2:$B$300,2,FALSE) -> 18
A20: C0000019 | B20: Research | C20: RND | D20: ResearchTeam9 | E20: Research Analyst | F20: Research Analyst | G20: {=_xlfn.SWITCH(C20, "SAM", "Salesforce", "ITES","Jira", "ENGG","Python", "RND","Microsoft Platforms")} -> Microsoft Platforms | H20: =VLOOKUP(E20,Roles!$C$1:$D$197,2,FALSE) -> 11 | I20: 45919 | J20: T'Challa Prince | K20: 45988 | L20: 45999 | M20: 46007 | N20: Internal | O20: 2 | P20: Offered | Q20: =CONCATENATE(C20,"_",D20,"_",E20) -> RND_ResearchTeam9_Research Analyst | R20: =VLOOKUP(Q20,Roles!$A$2:$B$300,2,FALSE) -> 19
A21: C0000020 | B21: Research | C21: RND | D21: ResearchTeam7 | E21: Research Analyst | F21: Research Analyst | G21: {=_xlfn.SWITCH(C21, "SAM", "Salesforce", "ITES","Jira", "ENGG","Python", "RND","Microsoft Platforms")} -> Microsoft Platforms | H21: =VLOOKUP(E21,Roles!$C$1:$D$197,2,FALSE) -> 11 | I21: 45907 | J21: Scott Lang | K21: 45952 | N21: Internal | P21: Interviewing | Q21: =CONCATENATE(C21,"_",D21,"_",E21) -> RND_ResearchTeam7_Research Analyst | R21: =VLOOKUP(Q21,Roles!$A$2:$B$300,2,FALSE) -> 20
A22: C0000021 | B22: Sales and Marketing | C22: SAM | D22: SalesTeam6 | E22: Sales Director | F22: Sales Director | G22: {=_xlfn.SWITCH(C22, "SAM", "Salesforce", "ITES","Jira", "ENGG","Python", "RND","Microsoft Platforms")} -> Salesforce | H22: =VLOOKUP(E22,Roles!$C$1:$D$197,2,FALSE) -> 4 | I22: 45871 | J22: Carol Danvers | K22: 45940 | L22: 45960 | M22: 45967 | N22: Internal | O22: 0 | P22: Offered | Q22: =CONCATENATE(C22,"_",D22,"_",E22) -> SAM_SalesTeam6_Sales Director | R22: =VLOOKUP(Q22,Roles!$A$2:$B$300,2,FALSE) -> 21
A23: C0000022 | B23: Research | C23: RND | D23: ResearchTeam3 | E23: Research Analyst | F23: Research Analyst | G23: {=_xlfn.SWITCH(C23, "SAM", "Salesforce", "ITES","Jira", "ENGG","Python", "RND","Microsoft Platforms")} -> Microsoft Platforms | H23: =VLOOKUP(E23,Roles!$C$1:$D$197,2,FALSE) -> 11 | I23: 45845 | J23: Bruce Banner | K23: 45903 | L23: 45917 | M23: 45971 | N23: Internal | O23: 1 | P23: Offered | Q23: =CONCATENATE(C23,"_",D23,"_",E23) -> RND_ResearchTeam3_Research Analyst | R23: =VLOOKUP(Q23,Roles!$A$2:$B$300,2,FALSE) -> 22
A24: C0000023 | B24: IT and Support | C24: ITES | D24: ITTeam4 | E24: Application Support Analyst | F24: Application Support Analyst | G24: {=_xlfn.SWITCH(C24, "SAM", "Salesforce", "ITES","Jira", "ENGG","Python", "RND","Microsoft Platforms")} -> Jira | H24: =VLOOKUP(E24,Roles!$C$1:$D$197,2,FALSE) -> 11 | I24: 45900 | J24: Arthur Curry | K24: 45955 | N24: Internal | P24: Interviewing | Q24: =CONCATENATE(C24,"_",D24,"_",E24) -> ITES_ITTeam4_Application Support Analyst | R24: =VLOOKUP(Q24,Roles!$A$2:$B$300,2,FALSE) -> 23
A25: C0000024 | B25: Engineering | C25: ENGG | D25: EngineeringTeam5 | E25: Engineering Manager | F25: Engineering Manager | G25: {=_xlfn.SWITCH(C25, "SAM", "Salesforce", "ITES","Jira", "ENGG","Python", "RND","Microsoft Platforms")} -> Python | H25: =VLOOKUP(E25,Roles!$C$1:$D$197,2,FALSE) -> 7 | I25: 45869 | J25: Luke Grey | K25: 45918 | N25: Internal | P25: Interviewing | Q25: =CONCATENATE(C25,"_",D25,"_",E25) -> ENGG_EngineeringTeam5_Engineering Manager | R25: =VLOOKUP(Q25,Roles!$A$2:$B$300,2,FALSE) -> 24
A26: C0000025 | B26: Sales and Marketing | C26: SAM | D26: SalesTeam2 | E26: Sales Manager | F26: Sales Manager | G26: {=_xlfn.SWITCH(C26, "SAM", "Salesforce", "ITES","Jira", "ENGG","Python", "RND","Microsoft Platforms")} -> Salesforce | H26: =VLOOKUP(E26,Roles!$C$1:$D$197,2,FALSE) -> 7 | I26: 45878 | J26: Natasha Wilson | K26: 45932 | L26: 45947 | M26: 46025 | N26: Internal | O26: 1 | P26: Offered | Q26: =CONCATENATE(C26,"_",D26,"_",E26) -> SAM_SalesTeam2_Sales Manager | R26: =VLOOKUP(Q26,Roles!$A$2:$B$300,2,FALSE) -> 25
A27: C0000026 | B27: Engineering | C27: ENGG | D27: EngineeringTeam10 | E27: Staff Engineer | F27: Staff Engineer | G27: {=_xlfn.SWITCH(C27, "SAM", "Salesforce", "ITES","Jira", "ENGG","Python", "RND","Microsoft Platforms")} -> Python | H27: =VLOOKUP(E27,Roles!$C$1:$D$197,2,FALSE) -> 11 | I27: 45815 | J27: Ben Storm | K27: 45885 | N27: Internal | P27: Interviewing | Q27: =CONCATENATE(C27,"_",D27,"_",E27) -> ENGG_EngineeringTeam10_Staff Engineer | R27: =VLOOKUP(Q27,Roles!$A$2:$B$300,2,FALSE) -> 6
A28: C0000027 | B28: Research | C28: RND | D28: ResearchTeam7 | E28: Research Analyst | F28: Research Analyst | G28: {=_xlfn.SWITCH(C28, "SAM", "Salesforce", "ITES","Jira", "ENGG","Python", "RND","Microsoft Platforms")} -> Microsoft Platforms | H28: =VLOOKUP(E28,Roles!$C$1:$D$197,2,FALSE) -> 11 | I28: 45831 | J28: Charles Xavier | K28: 45899 | L28: 45913 | M28: 45966 | N28: Internal | O28: 2 | P28: Offered | Q28: =CONCATENATE(C28,"_",D28,"_",E28) -> RND_ResearchTeam7_Research Analyst | R28: =VLOOKUP(Q28,Roles!$A$2:$B$300,2,FALSE) -> 20
A29: C0000028 | B29: Sales and Marketing | C29: SAM | D29: SalesTeam2 | E29: Digital Marketing Specialist | F29: Digital Marketing Specialist | G29: {=_xlfn.SWITCH(C29, "SAM", "Salesforce", "ITES","Jira", "ENGG","Python", "RND","Microsoft Platforms")} -> Salesforce | H29: =VLOOKUP(E29,Roles!$C$1:$D$197,2,FALSE) -> 10 | I29: 45929 | J29: Diana Prince | K29: 46000 | N29: Internal | P29: Interviewing | Q29: =CONCATENATE(C29,"_",D29,"_",E29) -> SAM_SalesTeam2_Digital Marketing Specialist | R29: =VLOOKUP(Q29,Roles!$A$2:$B$300,2,FALSE) -> 26
A30: C0000029 | B30: Engineering | C30: ENGG | D30: EngineeringTeam8 | E30: Engineering Manager | F30: Engineering Manager | G30: {=_xlfn.SWITCH(C30, "SAM", "Salesforce", "ITES","Jira", "ENGG","Python", "RND","Microsoft Platforms")} -> Python | H30: =VLOOKUP(E30,Roles!$C$1:$D$197,2,FALSE) -> 7 | I30: 45921 | J30: Carol Prince | K30: 45990 | N30: Internal | P30: Interviewing | Q30: =CONCATENATE(C30,"_",D30,"_",E30) -> ENGG_EngineeringTeam8_Engineering Manager | R30: =VLOOKUP(Q30,Roles!$A$2:$B$300,2,FALSE) -> 27
A31: C0000030 | B31: Research | C31: RND | D31: ResearchTeam3 | E31: Research Analyst | F31: Research Analyst | G31: {=_xlfn.SWITCH(C31, "SAM", "Salesforce", "ITES","Jira", "ENGG","Python", "RND","Microsoft Platforms")} -> Microsoft Platforms | H31: =VLOOKUP(E31,Roles!$C$1:$D$197,2,FALSE) -> 11 | I31: 45814 | J31: Ben Rogers | K31: 45860 | N31: Internal | P31: Interviewing | Q31: =CONCATENATE(C31,"_",D31,"_",E31) -> RND_ResearchTeam3_Research Analyst | R31: =VLOOKUP(Q31,Roles!$A$2:$B$300,2,FALSE) -> 22
A32: C0000031 | B32: Engineering | C32: ENGG | D32: EngineeringTeam1 | E32: Engineering Manager | F32: Engineering Manager | G32: {=_xlfn.SWITCH(C32, "SAM", "Salesforce", "ITES","Jira", "ENGG","Python", "RND","Microsoft Platforms")} -> Python | H32: =VLOOKUP(E32,Roles!$C$1:$D$197,2,FALSE) -> 7 | I32: 45869 | J32: Bruce Khan | K32: 45934 | N32: Internal | P32: Interviewing | Q32: =CONCATENATE(C32,"_",D32,"_",E32) -> ENGG_EngineeringTeam1_Engineering Manager | R32: =VLOOKUP(Q32,Roles!$A$2:$B$300,2,FALSE) -> 28
A33: C0000032 | B33: IT and Support | C33: ITES | D33: ITTeam7 | E33: System Administrator | F33: System Administrator | G33: {=_xlfn.SWITCH(C33, "SAM", "Salesforce", "ITES","Jira", "ENGG","Python", "RND","Microsoft Platforms")} -> Jira | H33: =VLOOKUP(E33,Roles!$C$1:$D$197,2,FALSE) -> 9 | I33: 45925 | J33: Selina Kyle | K33: 45970 | N33: Internal | P33: Interviewing | Q33: =CONCATENATE(C33,"_",D33,"_",E33) -> ITES_ITTeam7_System Administrator | R33: =VLOOKUP(Q33,Roles!$A$2:$B$300,2,FALSE) -> 29
A34: C0000033 | B34: IT and Support | C34: ITES | D34: ITTeam7 | E34: Computer Technician | F34: Computer Technician | G34: {=_xlfn.SWITCH(C34, "SAM", "Salesforce", "ITES","Jira", "ENGG","Python", "RND","Microsoft Platforms")} -> Jira | H34: =VLOOKUP(E34,Roles!$C$1:$D$197,2,FALSE) -> 10 | I34: 45892 | J34: Logan Cage | K34: 45962 | L34: 45981 | M34: 46044 | N34: Internal | O34: 1 | P34: Offered | Q34: =CONCATENATE(C34,"_",D34,"_",E34) -> ITES_ITTeam7_Computer Technician | R34: =VLOOKUP(Q34,Roles!$A$2:$B$300,2,FALSE) -> 30
A35: C0000034 | B35: Engineering | C35: ENGG | D35: EngineeringTeam2 | E35: VP Engineering | F35: VP Engineering | G35: {=_xlfn.SWITCH(C35, "SAM", "Salesforce", "ITES","Jira", "ENGG","Python", "RND","Microsoft Platforms")} -> Python | H35: =VLOOKUP(E35,Roles!$C$1:$D$197,2,FALSE) -> 3 | I35: 45829 | J35: Matt Howlett | K35: 45881 | N35: Internal | P35: Interviewing | Q35: =CONCATENATE(C35,"_",D35,"_",E35) -> ENGG_EngineeringTeam2_VP Engineering | R35: =VLOOKUP(Q35,Roles!$A$2:$B$300,2,FALSE) -> 31
A36: C0000035 | B36: Sales and Marketing | C36: SAM | D36: SalesTeam1 | E36: Brand Manager | F36: Brand Manager | G36: {=_xlfn.SWITCH(C36, "SAM", "Salesforce", "ITES","Jira", "ENGG","Python", "RND","Microsoft Platforms")} -> Salesforce | H36: =VLOOKUP(E36,Roles!$C$1:$D$197,2,FALSE) -> 7 | I36: 45863 | J36: Arthur Richards | K36: 45930 | N36: Internal | P36: Interviewing | Q36: =CONCATENATE(C36,"_",D36,"_",E36) -> SAM_SalesTeam1_Brand Manager | R36: =VLOOKUP(Q36,Roles!$A$2:$B$300,2,FALSE) -> 32
A37: C0000036 | B37: Engineering | C37: ENGG | D37: EngineeringTeam7 | E37: Senior SDE | F37: Senior SDE | G37: {=_xlfn.SWITCH(C37, "SAM", "Salesforce", "ITES","Jira", "ENGG","Python", "RND","Microsoft Platforms")} -> Python | H37: =VLOOKUP(E37,Roles!$C$1:$D$197,2,FALSE) -> 9 | I37: 45836 | J37: Arthur Jordan | K37: 45889 | N37: Internal | P37: Interviewing | Q37: =CONCATENATE(C37,"_",D37,"_",E37) -> ENGG_EngineeringTeam7_Senior SDE | R37: =VLOOKUP(Q37,Roles!$A$2:$B$300,2,FALSE) -> 33
A38: C0000037 | B38: Engineering | C38: ENGG | D38: EngineeringTeam3 | E38: Software Developer 1 | F38: Software Developer 1 | G38: {=_xlfn.SWITCH(C38, "SAM", "Salesforce", "ITES","Jira", "ENGG","Python", "RND","Microsoft Platforms")} -> Python | H38: =VLOOKUP(E38,Roles!$C$1:$D$197,2,FALSE) -> 11 | I38: 45885 | J38: Bucky Bishop | K38: 45931 | L38: 45950 | M38: 46008 | N38: Internal | O38: 2 | P38: Offered | Q38: =CONCATENATE(C38,"_",D38,"_",E38) -> ENGG_EngineeringTeam3_Software Developer 1 | R38: =VLOOKUP(Q38,Roles!$A$2:$B$300,2,FALSE) -> 34
A39: C0000038 | B39: Engineering | C39: ENGG | D39: EngineeringTeam1 | E39: Engineering Manager | F39: Engineering Manager | G39: {=_xlfn.SWITCH(C39, "SAM", "Salesforce", "ITES","Jira", "ENGG","Python", "RND","Microsoft Platforms")} -> Python | H39: =VLOOKUP(E39,Roles!$C$1:$D$197,2,FALSE) -> 7 | I39: 45849 | J39: Danny Rogers | K39: 45916 | L39: 45926 | M39: 46004 | N39: Internal | O39: 2 | P39: Offered | Q39: =CONCATENATE(C39,"_",D39,"_",E39) -> ENGG_EngineeringTeam1_Engineering Manager | R39: =VLOOKUP(Q39,Roles!$A$2:$B$300,2,FALSE) -> 28
A40: C0000039 | B40: Sales and Marketing | C40: SAM | D40: SalesTeam5 | E40: Sales Director | F40: Sales Director | G40: {=_xlfn.SWITCH(C40, "SAM", "Salesforce", "ITES","Jira", "ENGG","Python", "RND","Microsoft Platforms")} -> Salesforce | H40: =VLOOKUP(E40,Roles!$C$1:$D$197,2,FALSE) -> 4 | I40: 45809 | J40: Ben Barnes | K40: 45859 | N40: Internal | P40: Interviewing | Q40: =CONCATENATE(C40,"_",D40,"_",E40) -> SAM_SalesTeam5_Sales Director | R40: =VLOOKUP(Q40,Roles!$A$2:$B$300,2,FALSE) -> 11
A41: C0000040 | B41: IT and Support | C41: ITES | D41: ITTeam8 | E41: Application Support Analyst | F41: Application Support Analyst | G41: {=_xlfn.SWITCH(C41, "SAM", "Salesforce", "ITES","Jira", "ENGG","Python", "RND","Microsoft Platforms")} -> Jira | H41: =VLOOKUP(E41,Roles!$C$1:$D$197,2,FALSE) -> 11 | I41: 45919 | J41: Kamala Khan | K41: 45991 | N41: Internal | P41: Interviewing | Q41: =CONCATENATE(C41,"_",D41,"_",E41) -> ITES_ITTeam8_Application Support Analyst | R41: =VLOOKUP(Q41,Roles!$A$2:$B$300,2,FALSE) -> 35
A42: C0000041 | B42: Sales and Marketing | C42: SAM | D42: SalesTeam10 | E42: Digital Marketing Specialist | F42: Digital Marketing Specialist | G42: {=_xlfn.SWITCH(C42, "SAM", "Salesforce", "ITES","Jira", "ENGG","Python", "RND","Microsoft Platforms")} -> Salesforce | H42: =VLOOKUP(E42,Roles!$C$1:$D$197,2,FALSE) -> 10 | I42: 45883 | J42: Kate Stacy | K42: 45953 | N42: Internal | P42: Interviewing | Q42: =CONCATENATE(C42,"_",D42,"_",E42) -> SAM_SalesTeam10_Digital Marketing Specialist | R42: =VLOOKUP(Q42,Roles!$A$2:$B$300,2,FALSE) -> 36
A43: C0000042 | B43: Sales and Marketing | C43: SAM | D43: SalesTeam3 | E43: Customer Support Specialist | F43: Customer Support Specialist | G43: {=_xlfn.SWITCH(C43, "SAM", "Salesforce", "ITES","Jira", "ENGG","Python", "RND","Microsoft Platforms")} -> Salesforce | H43: =VLOOKUP(E43,Roles!$C$1:$D$197,2,FALSE) -> 10 | I43: 45839 | J43: Charles Parker | K43: 45908 | N43: Internal | P43: Interviewing | Q43: =CONCATENATE(C43,"_",D43,"_",E43) -> SAM_SalesTeam3_Customer Support Specialist | R43: =VLOOKUP(Q43,Roles!$A$2:$B$300,2,FALSE) -> 37
A44: C0000043 | B44: Research | C44: RND | D44: ResearchTeam10 | E44: Principal Investigator | F44: Principal Investigator | G44: {=_xlfn.SWITCH(C44, "SAM", "Salesforce", "ITES","Jira", "ENGG","Python", "RND","Microsoft Platforms")} -> Microsoft Platforms | H44: =VLOOKUP(E44,Roles!$C$1:$D$197,2,FALSE) -> 8 | I44: 45929 | J44: Kamala Rogers | K44: 45999 | L44: 46011 | M44: 46025 | N44: Internal | O44: 0 | P44: Offered | Q44: =CONCATENATE(C44,"_",D44,"_",E44) -> RND_ResearchTeam10_Principal Investigator | R44: =VLOOKUP(Q44,Roles!$A$2:$B$300,2,FALSE) -> 38
A45: C0000044 | B45: Engineering | C45: ENGG | D45: EngineeringTeam5 | E45: Senior SDE | F45: Senior SDE | G45: {=_xlfn.SWITCH(C45, "SAM", "Salesforce", "ITES","Jira", "ENGG","Python", "RND","Microsoft Platforms")} -> Python | H45: =VLOOKUP(E45,Roles!$C$1:$D$197,2,FALSE) -> 9 | I45: 45897 | J45: Bucky Stacy | K45: 45948 | N45: Internal | P45: Interviewing | Q45: =CONCATENATE(C45,"_",D45,"_",E45) -> ENGG_EngineeringTeam5_Senior SDE | R45: =VLOOKUP(Q45,Roles!$A$2:$B$300,2,FALSE) -> 39
A46: C0000045 | B46: IT and Support | C46: ITES | D46: ITTeam6 | E46: Network Administrator | F46: Network Administrator | G46: {=_xlfn.SWITCH(C46, "SAM", "Salesforce", "ITES","Jira", "ENGG","Python", "RND","Microsoft Platforms")} -> Jira | H46: =VLOOKUP(E46,Roles!$C$1:$D$197,2,FALSE) -> 9 | I46: 45910 | J46: T'Challa Prince | K46: 45979 | L46: 45992 | M46: 46075 | N46: Internal | O46: 1 | P46: Offered | Q46: =CONCATENATE(C46,"_",D46,"_",E46) -> ITES_ITTeam6_Network Administrator | R46: =VLOOKUP(Q46,Roles!$A$2:$B$300,2,FALSE) -> 40
A47: C0000046 | B47: Research | C47: RND | D47: ResearchTeam7 | E47: Principal Investigator | F47: Principal Investigator | G47: {=_xlfn.SWITCH(C47, "SAM", "Salesforce", "ITES","Jira", "ENGG","Python", "RND","Microsoft Platforms")} -> Microsoft Platforms | H47: =VLOOKUP(E47,Roles!$C$1:$D$197,2,FALSE) -> 8 | I47: 45877 | J47: Ben Udaku | K47: 45937 | N47: Internal | P47: Interviewing | Q47: =CONCATENATE(C47,"_",D47,"_",E47) -> RND_ResearchTeam7_Principal Investigator | R47: =VLOOKUP(Q47,Roles!$A$2:$B$300,2,FALSE) -> 41
A48: C0000047 | B48: IT and Support | C48: ITES | D48: ITTeam5 | E48: Field Service Technician | F48: Field Service Technician | G48: {=_xlfn.SWITCH(C48, "SAM", "Salesforce", "ITES","Jira", "ENGG","Python", "RND","Microsoft Platforms")} -> Jira | H48: =VLOOKUP(E48,Roles!$C$1:$D$197,2,FALSE) -> 10 | I48: 45897 | J48: Logan Murdock | K48: 45949 | N48: Internal | P48: Interviewing | Q48: =CONCATENATE(C48,"_",D48,"_",E48) -> ITES_ITTeam5_Field Service Technician | R48: =VLOOKUP(Q48,Roles!$A$2:$B$300,2,FALSE) -> 42
A49: C0000048 | B49: Research | C49: RND | D49: ResearchTeam7 | E49: Principal Investigator | F49: Principal Investigator | G49: {=_xlfn.SWITCH(C49, "SAM", "Salesforce", "ITES","Jira", "ENGG","Python", "RND","Microsoft Platforms")} -> Microsoft Platforms | H49: =VLOOKUP(E49,Roles!$C$1:$D$197,2,FALSE) -> 8 | I49: 45850 | J49: Charles Stone | K49: 45905 | L49: 45918 | M49: 45941 | N49: Internal | O49: 2 | P49: Offered | Q49: =CONCATENATE(C49,"_",D49,"_",E49) -> RND_ResearchTeam7_Principal Investigator | R49: =VLOOKUP(Q49,Roles!$A$2:$B$300,2,FALSE) -> 41
A50: C0000049 | B50: Research | C50: RND | D50: ResearchTeam2 | E50: R&D Manager | F50: R&D Manager | G50: {=_xlfn.SWITCH(C50, "SAM", "Salesforce", "ITES","Jira", "ENGG","Python", "RND","Microsoft Platforms")} -> Microsoft Platforms | H50: =VLOOKUP(E50,Roles!$C$1:$D$197,2,FALSE) -> 8 | I50: 45883 | J50: Scott Grey | K50: 45948 | L50: 45963 | M50: 45980 | N50: Internal | O50: 0 | P50: Offered | Q50: =CONCATENATE(C50,"_",D50,"_",E50) -> RND_ResearchTeam2_R&D Manager | R50: =VLOOKUP(Q50,Roles!$A$2:$B$300,2,FALSE) -> 43
A51: C0000050 | B51: Sales and Marketing | C51: SAM | D51: SalesTeam7 | E51: Sales Manager | F51: Sales Manager | G51: {=_xlfn.SWITCH(C51, "SAM", "Salesforce", "ITES","Jira", "ENGG","Python", "RND","Microsoft Platforms")} -> Salesforce | H51: =VLOOKUP(E51,Roles!$C$1:$D$197,2,FALSE) -> 7 | I51: 45836 | J51: Bucky Xavier | K51: 45905 | N51: Internal | P51: Interviewing | Q51: =CONCATENATE(C51,"_",D51,"_",E51) -> SAM_SalesTeam7_Sales Manager | R51: =VLOOKUP(Q51,Roles!$A$2:$B$300,2,FALSE) -> 44
A52: C0000051 | B52: IT and Support | C52: ITES | D52: ITTeam7 | E52: Technical Support Analyst | F52: Technical Support Analyst | G52: {=_xlfn.SWITCH(C52, "SAM", "Salesforce", "ITES","Jira", "ENGG","Python", "RND","Microsoft Platforms")} -> Jira | H52: =VLOOKUP(E52,Roles!$C$1:$D$197,2,FALSE) -> 11 | I52: 45924 | J52: Sam Wilson | K52: 45973 | N52: Internal | P52: Interviewing | Q52: =CONCATENATE(C52,"_",D52,"_",E52) -> ITES_ITTeam7_Technical Support Analyst | R52: =VLOOKUP(Q52,Roles!$A$2:$B$300,2,FALSE) -> 45
A53: C0000052 | B53: Sales and Marketing | C53: SAM | D53: SalesTeam6 | E53: Sales Director | F53: Sales Director | G53: {=_xlfn.SWITCH(C53, "SAM", "Salesforce", "ITES","Jira", "ENGG","Python", "RND","Microsoft Platforms")} -> Salesforce | H53: =VLOOKUP(E53,Roles!$C$1:$D$197,2,FALSE) -> 4 | I53: 45918 | J53: Peter Parker | K53: 45972 | N53: Internal | P53: Interviewing | Q53: =CONCATENATE(C53,"_",D53,"_",E53) -> SAM_SalesTeam6_Sales Director | R53: =VLOOKUP(Q53,Roles!$A$2:$B$300,2,FALSE) -> 21
A54: C0000053 | B54: Engineering | C54: ENGG | D54: EngineeringTeam2 | E54: Software Developer 1 | F54: Software Developer 1 | G54: {=_xlfn.SWITCH(C54, "SAM", "Salesforce", "ITES","Jira", "ENGG","Python", "RND","Microsoft Platforms")} -> Python | H54: =VLOOKUP(E54,Roles!$C$1:$D$197,2,FALSE) -> 11 | I54: 45866 | J54: Miles Morales | K54: 45922 | N54: Internal | P54: Interviewing | Q54: =CONCATENATE(C54,"_",D54,"_",E54) -> ENGG_EngineeringTeam2_Software Developer 1 | R54: =VLOOKUP(Q54,Roles!$A$2:$B$300,2,FALSE) -> 46
A55: C0000054 | B55: Engineering | C55: ENGG | D55: EngineeringTeam9 | E55: Senior Staff Engineer | F55: Senior Staff Engineer | G55: {=_xlfn.SWITCH(C55, "SAM", "Salesforce", "ITES","Jira", "ENGG","Python", "RND","Microsoft Platforms")} -> Python | H55: =VLOOKUP(E55,Roles!$C$1:$D$197,2,FALSE) -> 9 | I55: 45865 | J55: Stephen Strange | K55: 45920 | N55: Internal | P55: Interviewing | Q55: =CONCATENATE(C55,"_",D55,"_",E55) -> ENGG_EngineeringTeam9_Senior Staff Engineer | R55: =VLOOKUP(Q55,Roles!$A$2:$B$300,2,FALSE) -> 47
A56: C0000055 | B56: Sales and Marketing | C56: SAM | D56: SalesTeam4 | E56: Brand Manager | F56: Brand Manager | G56: {=_xlfn.SWITCH(C56, "SAM", "Salesforce", "ITES","Jira", "ENGG","Python", "RND","Microsoft Platforms")} -> Salesforce | H56: =VLOOKUP(E56,Roles!$C$1:$D$197,2,FALSE) -> 7 | I56: 45906 | J56: Barry Allen | K56: 45975 | N56: Internal | P56: Interviewing | Q56: =CONCATENATE(C56,"_",D56,"_",E56) -> SAM_SalesTeam4_Brand Manager | R56: =VLOOKUP(Q56,Roles!$A$2:$B$300,2,FALSE) -> 1
A57: C0000056 | B57: Sales and Marketing | C57: SAM | D57: SalesTeam7 | E57: Brand Manager | F57: Brand Manager | G57: {=_xlfn.SWITCH(C57, "SAM", "Salesforce", "ITES","Jira", "ENGG","Python", "RND","Microsoft Platforms")} -> Salesforce | H57: =VLOOKUP(E57,Roles!$C$1:$D$197,2,FALSE) -> 7 | I57: 45883 | J57: Luke Khan | K57: 45941 | N57: Internal | P57: Interviewing | Q57: =CONCATENATE(C57,"_",D57,"_",E57) -> SAM_SalesTeam7_Brand Manager | R57: =VLOOKUP(Q57,Roles!$A$2:$B$300,2,FALSE) -> 48
A58: C0000057 | B58: Research | C58: RND | D58: ResearchTeam7 | E58: Principal Investigator | F58: Principal Investigator | G58: {=_xlfn.SWITCH(C58, "SAM", "Salesforce", "ITES","Jira", "ENGG","Python", "RND","Microsoft Platforms")} -> Microsoft Platforms | H58: =VLOOKUP(E58,Roles!$C$1:$D$197,2,FALSE) -> 8 | I58: 45915 | J58: Kamala Richards | K58: 45974 | N58: Internal | P58: Interviewing | Q58: =CONCATENATE(C58,"_",D58,"_",E58) -> RND_ResearchTeam7_Principal Investigator | R58: =VLOOKUP(Q58,Roles!$A$2:$B$300,2,FALSE) -> 41
A59: C0000058 | B59: Research | C59: RND | D59: ResearchTeam5 | E59: R&D Engineer | F59: R&D Engineer | G59: {=_xlfn.SWITCH(C59, "SAM", "Salesforce", "ITES","Jira", "ENGG","Python", "RND","Microsoft Platforms")} -> Microsoft Platforms | H59: =VLOOKUP(E59,Roles!$C$1:$D$197,2,FALSE) -> 10 | I59: 45901 | J59: Charles Romanoff | K59: 45960 | N59: Internal | P59: Interviewing | Q59: =CONCATENATE(C59,"_",D59,"_",E59) -> RND_ResearchTeam5_R&D Engineer | R59: =VLOOKUP(Q59,Roles!$A$2:$B$300,2,FALSE) -> 49
A60: C0000059 | B60: Research | C60: RND | D60: ResearchTeam10 | E60: R&D Engineer | F60: R&D Engineer | G60: {=_xlfn.SWITCH(C60, "SAM", "Salesforce", "ITES","Jira", "ENGG","Python", "RND","Microsoft Platforms")} -> Microsoft Platforms | H60: =VLOOKUP(E60,Roles!$C$1:$D$197,2,FALSE) -> 10 | I60: 45860 | J60: T'Challa Allen | K60: 45923 | L60: 45943 | M60: 46029 | N60: Internal | O60: 1 | P60: Offered | Q60: =CONCATENATE(C60,"_",D60,"_",E60) -> RND_ResearchTeam10_R&D Engineer | R60: =VLOOKUP(Q60,Roles!$A$2:$B$300,2,FALSE) -> 50
A61: C0000060 | B61: Sales and Marketing | C61: SAM | D61: SalesTeam2 | E61: Sales Director | F61: Sales Director | G61: {=_xlfn.SWITCH(C61, "SAM", "Salesforce", "ITES","Jira", "ENGG","Python", "RND","Microsoft Platforms")} -> Salesforce | H61: =VLOOKUP(E61,Roles!$C$1:$D$197,2,FALSE) -> 4 | I61: 45824 | J61: Jessica Jordan | K61: 45881 | L61: 45893 | M61: 45981 | N61: Internal | O61: 0 | P61: Offered | Q61: =CONCATENATE(C61,"_",D61,"_",E61) -> SAM_SalesTeam2_Sales Director | R61: =VLOOKUP(Q61,Roles!$A$2:$B$300,2,FALSE) -> 51
A62: C0000061 | B62: Engineering | C62: ENGG | D62: EngineeringTeam4 | E62: Platform Delivery Lead | F62: Platform Delivery Lead | G62: {=_xlfn.SWITCH(C62, "SAM", "Salesforce", "ITES","Jira", "ENGG","Python", "RND","Microsoft Platforms")} -> Python | H62: =VLOOKUP(E62,Roles!$C$1:$D$197,2,FALSE) -> 5 | I62: 45874 | J62: Steve Rogers | K62: 45928 | N62: Internal | P62: Interviewing | Q62: =CONCATENATE(C62,"_",D62,"_",E62) -> ENGG_EngineeringTeam4_Platform Delivery Lead | R62: =VLOOKUP(Q62,Roles!$A$2:$B$300,2,FALSE) -> 52
A63: C0000062 | B63: IT and Support | C63: ITES | D63: ITTeam1 | E63: Field Service Technician | F63: Field Service Technician | G63: {=_xlfn.SWITCH(C63, "SAM", "Salesforce", "ITES","Jira", "ENGG","Python", "RND","Microsoft Platforms")} -> Jira | H63: =VLOOKUP(E63,Roles!$C$1:$D$197,2,FALSE) -> 10 | I63: 45930 | J63: Matt Howlett | K63: 45980 | N63: Internal | P63: Interviewing | Q63: =CONCATENATE(C63,"_",D63,"_",E63) -> ITES_ITTeam1_Field Service Technician | R63: =VLOOKUP(Q63,Roles!$A$2:$B$300,2,FALSE) -> 53
A64: C0000063 | B64: IT and Support | C64: ITES | D64: ITTeam2 | E64: Help Desk Technician | F64: Help Desk Technician | G64: {=_xlfn.SWITCH(C64, "SAM", "Salesforce", "ITES","Jira", "ENGG","Python", "RND","Microsoft Platforms")} -> Jira | H64: =VLOOKUP(E64,Roles!$C$1:$D$197,2,FALSE) -> 11 | I64: 45895 | J64: Steve Jones | K64: 45945 | N64: Internal | P64: Interviewing | Q64: =CONCATENATE(C64,"_",D64,"_",E64) -> ITES_ITTeam2_Help Desk Technician | R64: =VLOOKUP(Q64,Roles!$A$2:$B$300,2,FALSE) -> 54
A65: C0000064 | B65: IT and Support | C65: ITES | D65: ITTeam2 | E65: Application Support Analyst | F65: Application Support Analyst | G65: {=_xlfn.SWITCH(C65, "SAM", "Salesforce", "ITES","Jira", "ENGG","Python", "RND","Microsoft Platforms")} -> Jira | H65: =VLOOKUP(E65,Roles!$C$1:$D$197,2,FALSE) -> 11 | I65: 45868 | J65: Hal Rand | K65: 45929 | N65: Internal | P65: Interviewing | Q65: =CONCATENATE(C65,"_",D65,"_",E65) -> ITES_ITTeam2_Application Support Analyst | R65: =VLOOKUP(Q65,Roles!$A$2:$B$300,2,FALSE) -> 55
A66: C0000065 | B66: Research | C66: RND | D66: ResearchTeam7 | E66: Principal Investigator | F66: Principal Investigator | G66: {=_xlfn.SWITCH(C66, "SAM", "Salesforce", "ITES","Jira", "ENGG","Python", "RND","Microsoft Platforms")} -> Microsoft Platforms | H66: =VLOOKUP(E66,Roles!$C$1:$D$197,2,FALSE) -> 8 | I66: 45888 | J66: Matt Kent | K66: 45951 | N66: Internal | P66: Interviewing | Q66: =CONCATENATE(C66,"_",D66,"_",E66) -> RND_ResearchTeam7_Principal Investigator | R66: =VLOOKUP(Q66,Roles!$A$2:$B$300,2,FALSE) -> 41
A67: C0000066 | B67: Sales and Marketing | C67: SAM | D67: SalesTeam3 | E67: Sales Director | F67: Sales Director | G67: {=_xlfn.SWITCH(C67, "SAM", "Salesforce", "ITES","Jira", "ENGG","Python", "RND","Microsoft Platforms")} -> Salesforce | H67: =VLOOKUP(E67,Roles!$C$1:$D$197,2,FALSE) -> 4 | I67: 45865 | J67: Barry Wilson | K67: 45920 | N67: Internal | P67: Interviewing | Q67: =CONCATENATE(C67,"_",D67,"_",E67) -> SAM_SalesTeam3_Sales Director | R67: =VLOOKUP(Q67,Roles!$A$2:$B$300,2,FALSE) -> 10
A68: C0000067 | B68: Research | C68: RND | D68: ResearchTeam3 | E68: Senior R&D Manager | F68: Senior R&D Manager | G68: {=_xlfn.SWITCH(C68, "SAM", "Salesforce", "ITES","Jira", "ENGG","Python", "RND","Microsoft Platforms")} -> Microsoft Platforms | H68: =VLOOKUP(E68,Roles!$C$1:$D$197,2,FALSE) -> 5 | I68: 45848 | J68: Matt Banner | K68: 45907 | N68: Internal | P68: Interviewing | Q68: =CONCATENATE(C68,"_",D68,"_",E68) -> RND_ResearchTeam3_Senior R&D Manager | R68: =VLOOKUP(Q68,Roles!$A$2:$B$300,2,FALSE) -> 56
A69: C0000068 | B69: Sales and Marketing | C69: SAM | D69: SalesTeam6 | E69: Product Marketing Manager | F69: Product Marketing Manager | G69: {=_xlfn.SWITCH(C69, "SAM", "Salesforce", "ITES","Jira", "ENGG","Python", "RND","Microsoft Platforms")} -> Salesforce | H69: =VLOOKUP(E69,Roles!$C$1:$D$197,2,FALSE) -> 7 | I69: 45841 | J69: Barry Wayne | K69: 45891 | L69: 45906 | M69: 45984 | N69: Internal | O69: 1 | P69: Offered | Q69: =CONCATENATE(C69,"_",D69,"_",E69) -> SAM_SalesTeam6_Product Marketing Manager | R69: =VLOOKUP(Q69,Roles!$A$2:$B$300,2,FALSE) -> 57
A70: C0000069 | B70: Research | C70: RND | D70: ResearchTeam2 | E70: Research Analyst | F70: Research Analyst | G70: {=_xlfn.SWITCH(C70, "SAM", "Salesforce", "ITES","Jira", "ENGG","Python", "RND","Microsoft Platforms")} -> Microsoft Platforms | H70: =VLOOKUP(E70,Roles!$C$1:$D$197,2,FALSE) -> 11 | I70: 45856 | J70: Hal Banner | K70: 45916 | L70: 45927 | M70: 45984 | N70: Internal | O70: 0 | P70: Offered | Q70: =CONCATENATE(C70,"_",D70,"_",E70) -> RND_ResearchTeam2_Research Analyst | R70: =VLOOKUP(Q70,Roles!$A$2:$B$300,2,FALSE) -> 58
A71: C0000070 | B71: Research | C71: RND | D71: ResearchTeam10 | E71: Research Analyst | F71: Research Analyst | G71: {=_xlfn.SWITCH(C71, "SAM", "Salesforce", "ITES","Jira", "ENGG","Python", "RND","Microsoft Platforms")} -> Microsoft Platforms | H71: =VLOOKUP(E71,Roles!$C$1:$D$197,2,FALSE) -> 11 | I71: 45858 | J71: Diana Howlett | K71: 45915 | N71: Internal | P71: Interviewing | Q71: =CONCATENATE(C71,"_",D71,"_",E71) -> RND_ResearchTeam10_Research Analyst | R71: =VLOOKUP(Q71,Roles!$A$2:$B$300,2,FALSE) -> 59
A72: C0000071 | B72: Research | C72: RND | D72: ResearchTeam3 | E72: Senior R&D Manager | F72: Senior R&D Manager | G72: {=_xlfn.SWITCH(C72, "SAM", "Salesforce", "ITES","Jira", "ENGG","Python", "RND","Microsoft Platforms")} -> Microsoft Platforms | H72: =VLOOKUP(E72,Roles!$C$1:$D$197,2,FALSE) -> 5 | I72: 45876 | J72: Bruce Richards | K72: 45937 | N72: External | P72: Interviewing | Q72: =CONCATENATE(C72,"_",D72,"_",E72) -> RND_ResearchTeam3_Senior R&D Manager | R72: =VLOOKUP(Q72,Roles!$A$2:$B$300,2,FALSE) -> 56
A73: C0000072 | B73: Research | C73: RND | D73: ResearchTeam9 | E73: R&D Project Lead | F73: R&D Project Lead | G73: {=_xlfn.SWITCH(C73, "SAM", "Salesforce", "ITES","Jira", "ENGG","Python", "RND","Microsoft Platforms")} -> Microsoft Platforms | H73: =VLOOKUP(E73,Roles!$C$1:$D$197,2,FALSE) -> 5 | I73: 45850 | J73: Sam Banner | K73: 45917 | N73: Internal | P73: Interviewing | Q73: =CONCATENATE(C73,"_",D73,"_",E73) -> RND_ResearchTeam9_R&D Project Lead | R73: =VLOOKUP(Q73,Roles!$A$2:$B$300,2,FALSE) -> 60
A74: C0000073 | B74: IT and Support | C74: ITES | D74: ITTeam3 | E74: Technical Support Analyst | F74: Technical Support Analyst | G74: {=_xlfn.SWITCH(C74, "SAM", "Salesforce", "ITES","Jira", "ENGG","Python", "RND","Microsoft Platforms")} -> Jira | H74: =VLOOKUP(E74,Roles!$C$1:$D$197,2,FALSE) -> 11 | I74: 45886 | J74: Logan Khan | K74: 45961 | N74: Internal | P74: Interviewing | Q74: =CONCATENATE(C74,"_",D74,"_",E74) -> ITES_ITTeam3_Technical Support Analyst | R74: =VLOOKUP(Q74,Roles!$A$2:$B$300,2,FALSE) -> 17
A75: C0000074 | B75: Sales and Marketing | C75: SAM | D75: SalesTeam8 | E75: Sales Manager | F75: Sales Manager | G75: {=_xlfn.SWITCH(C75, "SAM", "Salesforce", "ITES","Jira", "ENGG","Python", "RND","Microsoft Platforms")} -> Salesforce | H75: =VLOOKUP(E75,Roles!$C$1:$D$197,2,FALSE) -> 7 | I75: 45918 | J75: T'Challa Udaku | K75: 45971 | L75: 45986 | M75: 46050 | N75: External | O75: 1 | P75: Offered | Q75: =CONCATENATE(C75,"_",D75,"_",E75) -> SAM_SalesTeam8_Sales Manager | R75: =VLOOKUP(Q75,Roles!$A$2:$B$300,2,FALSE) -> 61
A76: C0000075 | B76: Research | C76: RND | D76: ResearchTeam2 | E76: Principal Investigator | F76: Principal Investigator | G76: {=_xlfn.SWITCH(C76, "SAM", "Salesforce", "ITES","Jira", "ENGG","Python", "RND","Microsoft Platforms")} -> Microsoft Platforms | H76: =VLOOKUP(E76,Roles!$C$1:$D$197,2,FALSE) -> 8 | I76: 45918 | J76: T'Challa Stone | K76: 45987 | N76: External | P76: Interviewing | Q76: =CONCATENATE(C76,"_",D76,"_",E76) -> RND_ResearchTeam2_Principal Investigator | R76: =VLOOKUP(Q76,Roles!$A$2:$B$300,2,FALSE) -> 62
A77: C0000076 | B77: Engineering | C77: ENGG | D77: EngineeringTeam9 | E77: Staff Engineer | F77: Staff Engineer | G77: {=_xlfn.SWITCH(C77, "SAM", "Salesforce", "ITES","Jira", "ENGG","Python", "RND","Microsoft Platforms")} -> Python | H77: =VLOOKUP(E77,Roles!$C$1:$D$197,2,FALSE) -> 11 | I77: 45883 | J77: Danny Danvers | K77: 45931 | N77: Internal | P77: Interviewing | Q77: =CONCATENATE(C77,"_",D77,"_",E77) -> ENGG_EngineeringTeam9_Staff Engineer | R77: =VLOOKUP(Q77,Roles!$A$2:$B$300,2,FALSE) -> 63
A78: C0000077 | B78: Sales and Marketing | C78: SAM | D78: SalesTeam3 | E78: Sales Director | F78: Sales Director | G78: {=_xlfn.SWITCH(C78, "SAM", "Salesforce", "ITES","Jira", "ENGG","Python", "RND","Microsoft Platforms")} -> Salesforce | H78: =VLOOKUP(E78,Roles!$C$1:$D$197,2,FALSE) -> 4 | I78: 45812 | J78: Bucky Stark | K78: 45887 | N78: Internal | P78: Interviewing | Q78: =CONCATENATE(C78,"_",D78,"_",E78) -> SAM_SalesTeam3_Sales Director | R78: =VLOOKUP(Q78,Roles!$A$2:$B$300,2,FALSE) -> 10
A79: C0000078 | B79: IT and Support | C79: ITES | D79: ITTeam5 | E79: IT Manager | F79: IT Manager | G79: {=_xlfn.SWITCH(C79, "SAM", "Salesforce", "ITES","Jira", "ENGG","Python", "RND","Microsoft Platforms")} -> Jira | H79: =VLOOKUP(E79,Roles!$C$1:$D$197,2,FALSE) -> 76 | I79: 45837 | J79: Kamala Stacy | K79: 45898 | N79: External | P79: Interviewing | Q79: =CONCATENATE(C79,"_",D79,"_",E79) -> ITES_ITTeam5_IT Manager | R79: =VLOOKUP(Q79,Roles!$A$2:$B$300,2,FALSE) -> 64
A80: C0000079 | B80: Research | C80: RND | D80: ResearchTeam10 | E80: Senior R&D Manager | F80: Senior R&D Manager | G80: {=_xlfn.SWITCH(C80, "SAM", "Salesforce", "ITES","Jira", "ENGG","Python", "RND","Microsoft Platforms")} -> Microsoft Platforms | H80: =VLOOKUP(E80,Roles!$C$1:$D$197,2,FALSE) -> 5 | I80: 45883 | J80: Diana Stacy | K80: 45931 | L80: 45949 | M80: 46010 | N80: Internal | O80: 0 | P80: Offered | Q80: =CONCATENATE(C80,"_",D80,"_",E80) -> RND_ResearchTeam10_Senior R&D Manager | R80: =VLOOKUP(Q80,Roles!$A$2:$B$300,2,FALSE) -> 65
A81: C0000080 | B81: Engineering | C81: ENGG | D81: EngineeringTeam9 | E81: Senior Staff Engineer | F81: Senior Staff Engineer | G81: {=_xlfn.SWITCH(C81, "SAM", "Salesforce", "ITES","Jira", "ENGG","Python", "RND","Microsoft Platforms")} -> Python | H81: =VLOOKUP(E81,Roles!$C$1:$D$197,2,FALSE) -> 9 | I81: 45866 | J81: Gwen Jones | K81: 45919 | N81: Internal | P81: Interviewing | Q81: =CONCATENATE(C81,"_",D81,"_",E81) -> ENGG_EngineeringTeam9_Senior Staff Engineer | R81: =VLOOKUP(Q81,Roles!$A$2:$B$300,2,FALSE) -> 47
A82: C0000081 | B82: Engineering | C82: ENGG | D82: EngineeringTeam7 | E82: VP Engineering | F82: VP Engineering | G82: {=_xlfn.SWITCH(C82, "SAM", "Salesforce", "ITES","Jira", "ENGG","Python", "RND","Microsoft Platforms")} -> Python | H82: =VLOOKUP(E82,Roles!$C$1:$D$197,2,FALSE) -> 3 | I82: 45827 | J82: Jessica Morales | K82: 45886 | L82: 45899 | M82: 45939 | N82: Internal | O82: 1 | P82: Offered | Q82: =CONCATENATE(C82,"_",D82,"_",E82) -> ENGG_EngineeringTeam7_VP Engineering | R82: =VLOOKUP(Q82,Roles!$A$2:$B$300,2,FALSE) -> 66
A83: C0000082 | B83: Research | C83: RND | D83: ResearchTeam7 | E83: R&D Engineer | F83: R&D Engineer | G83: {=_xlfn.SWITCH(C83, "SAM", "Salesforce", "ITES","Jira", "ENGG","Python", "RND","Microsoft Platforms")} -> Microsoft Platforms | H83: =VLOOKUP(E83,Roles!$C$1:$D$197,2,FALSE) -> 10 | I83: 45829 | J83: Logan Richards | K83: 45884 | N83: Internal | P83: Interviewing | Q83: =CONCATENATE(C83,"_",D83,"_",E83) -> RND_ResearchTeam7_R&D Engineer | R83: =VLOOKUP(Q83,Roles!$A$2:$B$300,2,FALSE) -> 67
A84: C0000083 | B84: Research | C84: RND | D84: ResearchTeam10 | E84: R&D Manager | F84: R&D Manager | G84: {=_xlfn.SWITCH(C84, "SAM", "Salesforce", "ITES","Jira", "ENGG","Python", "RND","Microsoft Platforms")} -> Microsoft Platforms | H84: =VLOOKUP(E84,Roles!$C$1:$D$197,2,FALSE) -> 8 | I84: 45826 | J84: Miles Prince | K84: 45899 | L84: 45909 | M84: 45976 | N84: Internal | O84: 0 | P84: Offered | Q84: =CONCATENATE(C84,"_",D84,"_",E84) -> RND_ResearchTeam10_R&D Manager | R84: =VLOOKUP(Q84,Roles!$A$2:$B$300,2,FALSE) -> 68
A85: C0000084 | B85: Research | C85: RND | D85: ResearchTeam3 | E85: Innovation Manager | F85: Innovation Manager | G85: {=_xlfn.SWITCH(C85, "SAM", "Salesforce", "ITES","Jira", "ENGG","Python", "RND","Microsoft Platforms")} -> Microsoft Platforms | H85: =VLOOKUP(E85,Roles!$C$1:$D$197,2,FALSE) -> 8 | I85: 45914 | J85: Logan Storm | K85: 45972 | N85: Internal | P85: Interviewing | Q85: =CONCATENATE(C85,"_",D85,"_",E85) -> RND_ResearchTeam3_Innovation Manager | R85: =VLOOKUP(Q85,Roles!$A$2:$B$300,2,FALSE) -> 69
A86: C0000085 | B86: IT and Support | C86: ITES | D86: ITTeam10 | E86: Application Support Analyst | F86: Application Support Analyst | G86: {=_xlfn.SWITCH(C86, "SAM", "Salesforce", "ITES","Jira", "ENGG","Python", "RND","Microsoft Platforms")} -> Jira | H86: =VLOOKUP(E86,Roles!$C$1:$D$197,2,FALSE) -> 11 | I86: 45814 | J86: Stephen Khan | K86: 45863 | L86: 45882 | M86: 45933 | N86: Internal | O86: 2 | P86: Offered | Q86: =CONCATENATE(C86,"_",D86,"_",E86) -> ITES_ITTeam10_Application Support Analyst | R86: =VLOOKUP(Q86,Roles!$A$2:$B$300,2,FALSE) -> 70
A87: C0000086 | B87: Engineering | C87: ENGG | D87: EngineeringTeam2 | E87: Principal Engineer | F87: Principal Engineer | G87: {=_xlfn.SWITCH(C87, "SAM", "Salesforce", "ITES","Jira", "ENGG","Python", "RND","Microsoft Platforms")} -> Python | H87: =VLOOKUP(E87,Roles!$C$1:$D$197,2,FALSE) -> 6 | I87: 45845 | J87: Carol Bishop | K87: 45904 | L87: 45915 | M87: 45999 | N87: Internal | O87: 0 | P87: Offered | Q87: =CONCATENATE(C87,"_",D87,"_",E87) -> ENGG_EngineeringTeam2_Principal Engineer | R87: =VLOOKUP(Q87,Roles!$A$2:$B$300,2,FALSE) -> 71
A88: C0000087 | B88: Engineering | C88: ENGG | D88: EngineeringTeam3 | E88: Senior Staff Engineer | F88: Senior Staff Engineer | G88: {=_xlfn.SWITCH(C88, "SAM", "Salesforce", "ITES","Jira", "ENGG","Python", "RND","Microsoft Platforms")} -> Python | H88: =VLOOKUP(E88,Roles!$C$1:$D$197,2,FALSE) -> 9 | I88: 45823 | J88: Hal Stone | K88: 45878 | N88: Internal | P88: Interviewing | Q88: =CONCATENATE(C88,"_",D88,"_",E88) -> ENGG_EngineeringTeam3_Senior Staff Engineer | R88: =VLOOKUP(Q88,Roles!$A$2:$B$300,2,FALSE) -> 72
A89: C0000088 | B89: Sales and Marketing | C89: SAM | D89: SalesTeam2 | E89: Product Marketing Manager | F89: Product Marketing Manager | G89: {=_xlfn.SWITCH(C89, "SAM", "Salesforce", "ITES","Jira", "ENGG","Python", "RND","Microsoft Platforms")} -> Salesforce | H89: =VLOOKUP(E89,Roles!$C$1:$D$197,2,FALSE) -> 7 | I89: 45867 | J89: Tony Stark | K89: 45936 | N89: Internal | P89: Interviewing | Q89: =CONCATENATE(C89,"_",D89,"_",E89) -> SAM_SalesTeam2_Product Marketing Manager | R89: =VLOOKUP(Q89,Roles!$A$2:$B$300,2,FALSE) -> 73
A90: C0000089 | B90: Sales and Marketing | C90: SAM | D90: SalesTeam2 | E90: Digital Marketing Specialist | F90: Digital Marketing Specialist | G90: {=_xlfn.SWITCH(C90, "SAM", "Salesforce", "ITES","Jira", "ENGG","Python", "RND","Microsoft Platforms")} -> Salesforce | H90: =VLOOKUP(E90,Roles!$C$1:$D$197,2,FALSE) -> 10 | I90: 45882 | J90: Steve Parker | K90: 45929 | N90: Internal | P90: Interviewing | Q90: =CONCATENATE(C90,"_",D90,"_",E90) -> SAM_SalesTeam2_Digital Marketing Specialist | R90: =VLOOKUP(Q90,Roles!$A$2:$B$300,2,FALSE) -> 26
A91: C0000090 | B91: Sales and Marketing | C91: SAM | D91: SalesTeam10 | E91: Sales Director | F91: Sales Director | G91: {=_xlfn.SWITCH(C91, "SAM", "Salesforce", "ITES","Jira", "ENGG","Python", "RND","Microsoft Platforms")} -> Salesforce | H91: =VLOOKUP(E91,Roles!$C$1:$D$197,2,FALSE) -> 4 | I91: 45856 | J91: Sam Murdock | K91: 45903 | N91: Internal | P91: Interviewing | Q91: =CONCATENATE(C91,"_",D91,"_",E91) -> SAM_SalesTeam10_Sales Director | R91: =VLOOKUP(Q91,Roles!$A$2:$B$300,2,FALSE) -> 74
A92: C0000091 | B92: Research | C92: RND | D92: ResearchTeam10 | E92: Research Scientist | F92: Research Scientist | G92: {=_xlfn.SWITCH(C92, "SAM", "Salesforce", "ITES","Jira", "ENGG","Python", "RND","Microsoft Platforms")} -> Microsoft Platforms | H92: =VLOOKUP(E92,Roles!$C$1:$D$197,2,FALSE) -> 8 | I92: 45817 | J92: Reed Richards | K92: 45870 | N92: Internal | P92: Interviewing | Q92: =CONCATENATE(C92,"_",D92,"_",E92) -> RND_ResearchTeam10_Research Scientist | R92: =VLOOKUP(Q92,Roles!$A$2:$B$300,2,FALSE) -> 75
A93: C0000092 | B93: IT and Support | C93: ITES | D93: ITTeam3 | E93: System Administrator | F93: System Administrator | G93: {=_xlfn.SWITCH(C93, "SAM", "Salesforce", "ITES","Jira", "ENGG","Python", "RND","Microsoft Platforms")} -> Jira | H93: =VLOOKUP(E93,Roles!$C$1:$D$197,2,FALSE) -> 9 | I93: 45858 | J93: Logan Storm | K93: 45924 | L93: 45936 | M93: 45968 | N93: Internal | O93: 0 | P93: Offered | Q93: =CONCATENATE(C93,"_",D93,"_",E93) -> ITES_ITTeam3_System Administrator | R93: =VLOOKUP(Q93,Roles!$A$2:$B$300,2,FALSE) -> 76
A94: C0000093 | B94: IT and Support | C94: ITES | D94: ITTeam9 | E94: Technical Support Analyst | F94: Technical Support Analyst | G94: {=_xlfn.SWITCH(C94, "SAM", "Salesforce", "ITES","Jira", "ENGG","Python", "RND","Microsoft Platforms")} -> Jira | H94: =VLOOKUP(E94,Roles!$C$1:$D$197,2,FALSE) -> 11 | I94: 45809 | J94: Bucky Richards | K94: 45869 | N94: Internal | P94: Interviewing | Q94: =CONCATENATE(C94,"_",D94,"_",E94) -> ITES_ITTeam9_Technical Support Analyst | R94: =VLOOKUP(Q94,Roles!$A$2:$B$300,2,FALSE) -> 77
A95: C0000094 | B95: Sales and Marketing | C95: SAM | D95: SalesTeam5 | E95: Sales Director | F95: Sales Director | G95: {=_xlfn.SWITCH(C95, "SAM", "Salesforce", "ITES","Jira", "ENGG","Python", "RND","Microsoft Platforms")} -> Salesforce | H95: =VLOOKUP(E95,Roles!$C$1:$D$197,2,FALSE) -> 4 | I95: 45846 | J95: Clark Kent | K95: 45901 | N95: Internal | P95: Interviewing | Q95: =CONCATENATE(C95,"_",D95,"_",E95) -> SAM_SalesTeam5_Sales Director | R95: =VLOOKUP(Q95,Roles!$A$2:$B$300,2,FALSE) -> 11
A96: C0000095 | B96: Research | C96: RND | D96: ResearchTeam5 | E96: R&D Manager | F96: R&D Manager | G96: {=_xlfn.SWITCH(C96, "SAM", "Salesforce", "ITES","Jira", "ENGG","Python", "RND","Microsoft Platforms")} -> Microsoft Platforms | H96: =VLOOKUP(E96,Roles!$C$1:$D$197,2,FALSE) -> 8 | I96: 45918 | J96: Tony Xavier | K96: 45973 | N96: Internal | P96: Interviewing | Q96: =CONCATENATE(C96,"_",D96,"_",E96) -> RND_ResearchTeam5_R&D Manager | R96: =VLOOKUP(Q96,Roles!$A$2:$B$300,2,FALSE) -> 78
A97: C0000096 | B97: IT and Support | C97: ITES | D97: ITTeam6 | E97: Application Support Analyst | F97: Application Support Analyst | G97: {=_xlfn.SWITCH(C97, "SAM", "Salesforce", "ITES","Jira", "ENGG","Python", "RND","Microsoft Platforms")} -> Jira | H97: =VLOOKUP(E97,Roles!$C$1:$D$197,2,FALSE) -> 11 | I97: 45817 | J97: Bruce Grey | K97: 45879 | N97: External | P97: Interviewing | Q97: =CONCATENATE(C97,"_",D97,"_",E97) -> ITES_ITTeam6_Application Support Analyst | R97: =VLOOKUP(Q97,Roles!$A$2:$B$300,2,FALSE) -> 79
A98: C0000097 | B98: IT and Support | C98: ITES | D98: ITTeam9 | E98: Technical Support Analyst | F98: Technical Support Analyst | G98: {=_xlfn.SWITCH(C98, "SAM", "Salesforce", "ITES","Jira", "ENGG","Python", "RND","Microsoft Platforms")} -> Jira | H98: =VLOOKUP(E98,Roles!$C$1:$D$197,2,FALSE) -> 11 | I98: 45863 | J98: Kate Udaku | K98: 45931 | L98: 45944 | M98: 45997 | N98: Internal | O98: 2 | P98: Offered | Q98: =CONCATENATE(C98,"_",D98,"_",E98) -> ITES_ITTeam9_Technical Support Analyst | R98: =VLOOKUP(Q98,Roles!$A$2:$B$300,2,FALSE) -> 77
A99: C0000098 | B99: Research | C99: RND | D99: ResearchTeam1 | E99: Research Analyst | F99: Research Analyst | G99: {=_xlfn.SWITCH(C99, "SAM", "Salesforce", "ITES","Jira", "ENGG","Python", "RND","Microsoft Platforms")} -> Microsoft Platforms | H99: =VLOOKUP(E99,Roles!$C$1:$D$197,2,FALSE) -> 11 | I99: 45858 | J99: T'Challa Morales | K99: 45907 | N99: Internal | P99: Interviewing | Q99: =CONCATENATE(C99,"_",D99,"_",E99) -> RND_ResearchTeam1_Research Analyst | R99: =VLOOKUP(Q99,Roles!$A$2:$B$300,2,FALSE) -> 80
A100: C0000099 | B100: Engineering | C100: ENGG | D100: EngineeringTeam2 | E100: Senior Staff Engineer | F100: Senior Staff Engineer | G100: {=_xlfn.SWITCH(C100, "SAM", "Salesforce", "ITES","Jira", "ENGG","Python", "RND","Microsoft Platforms")} -> Python | H100: =VLOOKUP(E100,Roles!$C$1:$D$197,2,FALSE) -> 9 | I100: 45928 | J100: Tony Rogers | K100: 45981 | N100: Internal | P100: Interviewing | Q100: =CONCATENATE(C100,"_",D100,"_",E100) -> ENGG_EngineeringTeam2_Senior Staff Engineer | R100: =VLOOKUP(Q100,Roles!$A$2:$B$300,2,FALSE) -> 81
...

Sheet Raw Data Final
A1: Role ID | B1: Role | C1: Stream | D1: Demand Date | E1: Date Job Requirement Released | F1: Date Offered | G1: Date Onboarded | H1: Internal/External | I1: Pipeline Updated | J1: Time to Offer | K1: Time to Onboard
A2: =Table1[[#This Row],[Role ID]] -> 1 | B2: =Table1[[#This Row],[Role]] -> Brand Manager | C2: =Table1[[#This Row],[Stream Internal]] -> SAM | D2: =IF(ISBLANK(Table1[[#This Row],[Demand Date]]),"",Table1[[#This Row],[Demand Date]]) -> 45878 | E2: =IF(ISBLANK(Table1[[#This Row],[Date Job Requirement Released]]),"",Table1[[#This Row],[Date Job Requirement Released]]) -> 45928 | F2: =IF(ISBLANK(Table1[[#This Row],[Date Offered]]),"",Table1[[#This Row],[Date Offered]]) | G2: =IF(ISBLANK(Table1[[#This Row],[Date Onboarded]]),"",Table1[[#This Row],[Date Onboarded]]) | H2: =Table1[[#This Row],[Internal/External]] -> Internal | I2: =Table1[[#This Row],[Pipeline Updated]] -> 0 | J2: =IF(OR(E2="",F2=""),"",F2-E2) | K2: =IF(OR(E2="",G2=""),"",G2-E2)
A3: =Table1[[#This Row],[Role ID]] -> 2 | B3: =Table1[[#This Row],[Role]] -> System Administrator | C3: =Table1[[#This Row],[Stream Internal]] -> ITES | D3: =IF(ISBLANK(Table1[[#This Row],[Demand Date]]),"",Table1[[#This Row],[Demand Date]]) -> 45891 | E3: =IF(ISBLANK(Table1[[#This Row],[Date Job Requirement Released]]),"",Table1[[#This Row],[Date Job Requirement Released]]) -> 45947 | F3: =IF(ISBLANK(Table1[[#This Row],[Date Offered]]),"",Table1[[#This Row],[Date Offered]]) -> 45962 | G3: =IF(ISBLANK(Table1[[#This Row],[Date Onboarded]]),"",Table1[[#This Row],[Date Onboarded]]) -> 45975 | H3: =Table1[[#This Row],[Internal/External]] -> Internal | I3: =Table1[[#This Row],[Pipeline Updated]] -> 2 | J3: =IF(OR(E3="",F3=""),"",F3-E3) -> 15 | K3: =IF(OR(E3="",G3=""),"",G3-E3) -> 28
A4: =Table1[[#This Row],[Role ID]] -> 3 | B4: =Table1[[#This Row],[Role]] -> IT Support Specialist | C4: =Table1[[#This Row],[Stream Internal]] -> ITES | D4: =IF(ISBLANK(Table1[[#This Row],[Demand Date]]),"",Table1[[#This Row],[Demand Date]]) -> 45901 | E4: =IF(ISBLANK(Table1[[#This Row],[Date Job Requirement Released]]),"",Table1[[#This Row],[Date Job Requirement Released]]) -> 45972 | F4: =IF(ISBLANK(Table1[[#This Row],[Date Offered]]),"",Table1[[#This Row],[Date Offered]]) | G4: =IF(ISBLANK(Table1[[#This Row],[Date Onboarded]]),"",Table1[[#This Row],[Date Onboarded]]) | H4: =Table1[[#This Row],[Internal/External]] -> Internal | I4: =Table1[[#This Row],[Pipeline Updated]] -> 0 | J4: =IF(OR(E4="",F4=""),"",F4-E4) | K4: =IF(OR(E4="",G4=""),"",G4-E4)
A5: =Table1[[#This Row],[Role ID]] -> 4 | B5: =Table1[[#This Row],[Role]] -> Sales Director | C5: =Table1[[#This Row],[Stream Internal]] -> SAM | D5: =IF(ISBLANK(Table1[[#This Row],[Demand Date]]),"",Table1[[#This Row],[Demand Date]]) -> 45889 | E5: =IF(ISBLANK(Table1[[#This Row],[Date Job Requirement Released]]),"",Table1[[#This Row],[Date Job Requirement Released]]) -> 45963 | F5: =IF(ISBLANK(Table1[[#This Row],[Date Offered]]),"",Table1[[#This Row],[Date Offered]]) | G5: =IF(ISBLANK(Table1[[#This Row],[Date Onboarded]]),"",Table1[[#This Row],[Date Onboarded]]) | H5: =Table1[[#This Row],[Internal/External]] -> Internal | I5: =Table1[[#This Row],[Pipeline Updated]] -> 0 | J5: =IF(OR(E5="",F5=""),"",F5-E5) | K5: =IF(OR(E5="",G5=""),"",G5-E5)
A6: =Table1[[#This Row],[Role ID]] -> 5 | B6: =Table1[[#This Row],[Role]] -> Platform Delivery Lead | C6: =Table1[[#This Row],[Stream Internal]] -> ENGG | D6: =IF(ISBLANK(Table1[[#This Row],[Demand Date]]),"",Table1[[#This Row],[Demand Date]]) -> 45881 | E6: =IF(ISBLANK(Table1[[#This Row],[Date Job Requirement Released]]),"",Table1[[#This Row],[Date Job Requirement Released]]) -> 45931 | F6: =IF(ISBLANK(Table1[[#This Row],[Date Offered]]),"",Table1[[#This Row],[Date Offered]]) | G6: =IF(ISBLANK(Table1[[#This Row],[Date Onboarded]]),"",Table1[[#This Row],[Date Onboarded]]) | H6: =Table1[[#This Row],[Internal/External]] -> Internal | I6: =Table1[[#This Row],[Pipeline Updated]] -> 0 | J6: =IF(OR(E6="",F6=""),"",F6-E6) | K6: =IF(OR(E6="",G6=""),"",G6-E6)
A7: =Table1[[#This Row],[Role ID]] -> 6 | B7: =Table1[[#This Row],[Role]] -> Staff Engineer | C7: =Table1[[#This Row],[Stream Internal]] -> ENGG | D7: =IF(ISBLANK(Table1[[#This Row],[Demand Date]]),"",Table1[[#This Row],[Demand Date]]) -> 45926 | E7: =IF(ISBLANK(Table1[[#This Row],[Date Job Requirement Released]]),"",Table1[[#This Row],[Date Job Requirement Released]]) -> 45990 | F7: =IF(ISBLANK(Table1[[#This Row],[Date Offered]]),"",Table1[[#This Row],[Date Offered]]) | G7: =IF(ISBLANK(Table1[[#This Row],[Date Onboarded]]),"",Table1[[#This Row],[Date Onboarded]]) | H7: =Table1[[#This Row],[Internal/External]] -> Internal | I7: =Table1[[#This Row],[Pipeline Updated]] -> 0 | J7: =IF(OR(E7="",F7=""),"",F7-E7) | K7: =IF(OR(E7="",G7=""),"",G7-E7)
A8: =Table1[[#This Row],[Role ID]] -> 7 | B8: =Table1[[#This Row],[Role]] -> Network Administrator | C8: =Table1[[#This Row],[Stream Internal]] -> ITES | D8: =IF(ISBLANK(Table1[[#This Row],[Demand Date]]),"",Table1[[#This Row],[Demand Date]]) -> 45856 | E8: =IF(ISBLANK(Table1[[#This Row],[Date Job Requirement Released]]),"",Table1[[#This Row],[Date Job Requirement Released]]) -> 45910 | F8: =IF(ISBLANK(Table1[[#This Row],[Date Offered]]),"",Table1[[#This Row],[Date Offered]]) -> 45925 | G8: =IF(ISBLANK(Table1[[#This Row],[Date Onboarded]]),"",Table1[[#This Row],[Date Onboarded]]) -> 45958 | H8: =Table1[[#This Row],[Internal/External]] -> Internal | I8: =Table1[[#This Row],[Pipeline Updated]] -> 0 | J8: =IF(OR(E8="",F8=""),"",F8-E8) -> 15 | K8: =IF(OR(E8="",G8=""),"",G8-E8) -> 48
A9: =Table1[[#This Row],[Role ID]] -> 8 | B9: =Table1[[#This Row],[Role]] -> System Administrator | C9: =Table1[[#This Row],[Stream Internal]] -> ITES | D9: =IF(ISBLANK(Table1[[#This Row],[Demand Date]]),"",Table1[[#This Row],[Demand Date]]) -> 45834 | E9: =IF(ISBLANK(Table1[[#This Row],[Date Job Requirement Released]]),"",Table1[[#This Row],[Date Job Requirement Released]]) -> 45900 | F9: =IF(ISBLANK(Table1[[#This Row],[Date Offered]]),"",Table1[[#This Row],[Date Offered]]) -> 45912 | G9: =IF(ISBLANK(Table1[[#This Row],[Date Onboarded]]),"",Table1[[#This Row],[Date Onboarded]]) -> 45999 | H9: =Table1[[#This Row],[Internal/External]] -> Internal | I9: =Table1[[#This Row],[Pipeline Updated]] -> 0 | J9: =IF(OR(E9="",F9=""),"",F9-E9) -> 12 | K9: =IF(OR(E9="",G9=""),"",G9-E9) -> 99
A10: =Table1[[#This Row],[Role ID]] -> 9 | B10: =Table1[[#This Row],[Role]] -> Software Developer 1 | C10: =Table1[[#This Row],[Stream Internal]] -> ENGG | D10: =IF(ISBLANK(Table1[[#This Row],[Demand Date]]),"",Table1[[#This Row],[Demand Date]]) -> 45864 | E10: =IF(ISBLANK(Table1[[#This Row],[Date Job Requirement Released]]),"",Table1[[#This Row],[Date Job Requirement Released]]) -> 45931 | F10: =IF(ISBLANK(Table1[[#This Row],[Date Offered]]),"",Table1[[#This Row],[Date Offered]]) -> 45946 | G10: =IF(ISBLANK(Table1[[#This Row],[Date Onboarded]]),"",Table1[[#This Row],[Date Onboarded]]) -> 45972 | H10: =Table1[[#This Row],[Internal/External]] -> Internal | I10: =Table1[[#This Row],[Pipeline Updated]] -> 2 | J10: =IF(OR(E10="",F10=""),"",F10-E10) -> 15 | K10: =IF(OR(E10="",G10=""),"",G10-E10) -> 41
A11: =Table1[[#This Row],[Role ID]] -> 10 | B11: =Table1[[#This Row],[Role]] -> Sales Director | C11: =Table1[[#This Row],[Stream Internal]] -> SAM | D11: =IF(ISBLANK(Table1[[#This Row],[Demand Date]]),"",Table1[[#This Row],[Demand Date]]) -> 45904 | E11: =IF(ISBLANK(Table1[[#This Row],[Date Job Requirement Released]]),"",Table1[[#This Row],[Date Job Requirement Released]]) -> 45959 | F11: =IF(ISBLANK(Table1[[#This Row],[Date Offered]]),"",Table1[[#This Row],[Date Offered]]) -> 45975 | G11: =IF(ISBLANK(Table1[[#This Row],[Date Onboarded]]),"",Table1[[#This Row],[Date Onboarded]]) -> 46007 | H11: =Table1[[#This Row],[Internal/External]] -> Internal | I11: =Table1[[#This Row],[Pipeline Updated]] -> 2 | J11: =IF(OR(E11="",F11=""),"",F11-E11) -> 16 | K11: =IF(OR(E11="",G11=""),"",G11-E11) -> 48
A12: =Table1[[#This Row],[Role ID]] -> 11 | B12: =Table1[[#This Row],[Role]] -> Sales Director | C12: =Table1[[#This Row],[Stream Internal]] -> SAM | D12: =IF(ISBLANK(Table1[[#This Row],[Demand Date]]),"",Table1[[#This Row],[Demand Date]]) -> 45872 | E12: =IF(ISBLANK(Table1[[#This Row],[Date Job Requirement Released]]),"",Table1[[#This Row],[Date Job Requirement Released]]) -> 45942 | F12: =IF(ISBLANK(Table1[[#This Row],[Date Offered]]),"",Table1[[#This Row],[Date Offered]]) -> 45955 | G12: =IF(ISBLANK(Table1[[#This Row],[Date Onboarded]]),"",Table1[[#This Row],[Date Onboarded]]) -> 46016 | H12: =Table1[[#This Row],[Internal/External]] -> Internal | I12: =Table1[[#This Row],[Pipeline Updated]] -> 0 | J12: =IF(OR(E12="",F12=""),"",F12-E12) -> 13 | K12: =IF(OR(E12="",G12=""),"",G12-E12) -> 74
A13: =Table1[[#This Row],[Role ID]] -> 12 | B13: =Table1[[#This Row],[Role]] -> System Administrator | C13: =Table1[[#This Row],[Stream Internal]] -> ITES | D13: =IF(ISBLANK(Table1[[#This Row],[Demand Date]]),"",Table1[[#This Row],[Demand Date]]) -> 45927 | E13: =IF(ISBLANK(Table1[[#This Row],[Date Job Requirement Released]]),"",Table1[[#This Row],[Date Job Requirement Released]]) -> 45994 | F13: =IF(ISBLANK(Table1[[#This Row],[Date Offered]]),"",Table1[[#This Row],[Date Offered]]) | G13: =IF(ISBLANK(Table1[[#This Row],[Date Onboarded]]),"",Table1[[#This Row],[Date Onboarded]]) | H13: =Table1[[#This Row],[Internal/External]] -> Internal | I13: =Table1[[#This Row],[Pipeline Updated]] -> 0 | J13: =IF(OR(E13="",F13=""),"",F13-E13) | K13: =IF(OR(E13="",G13=""),"",G13-E13)
... A301: =Table1[[#This Row],[Role ID]] -> 196 | B301: =Table1[[#This Row],[Role]] -> Computer Technician | C301: =Table1[[#This Row],[Stream Internal]] -> ITES | D301: =IF(ISBLANK(Table1[[#This Row],[Demand Date]]),"",Table1[[#This Row],[Demand Date]]) -> 45885 | E301: =IF(ISBLANK(Table1[[#This Row],[Date Job Requirement Released]]),"",Table1[[#This Row],[Date Job Requirement Released]]) -> 45944 | F301: =IF(ISBLANK(Table1[[#This Row],[Date Offered]]),"",Table1[[#This Row],[Date Offered]]) | G301: =IF(ISBLANK(Table1[[#This Row],[Date Onboarded]]),"",Table1[[#This Row],[Date Onboarded]]) | H301: =Table1[[#This Row],[Internal/External]] -> Internal | I301: =Table1[[#This Row],[Pipeline Updated]] -> 0 | J301: =IF(OR(E301="",F301=""),"",F301-E301) | K301: =IF(OR(E301="",G301=""),"",G301-E301)

Sheet Roles
A1: Role_IDP | B1: Role ID | C1: Role | D1: Role level | E1: Team | F1: Team ID | G1: Stream | H1: Stream ID
A2: {=_xlfn.UNIQUE(_xlfn._xlws.FILTER('Raw Data'!Q2:Q500, 'Raw Data'!Q2:Q500<>""))} -> SAM_SalesTeam4_Brand Manager | B2: {=_xlfn.SEQUENCE(COUNTA(_xlfn.ANCHORARRAY(A2)))} -> 1 | C2: {=_xlfn.TEXTAFTER(_xlfn.ANCHORARRAY(A2),"_",2)} -> Brand Manager | D2: 7 | E2: {=_xlfn.TEXTBEFORE(_xlfn.TEXTAFTER(_xlfn.ANCHORARRAY(A2),"_"),"_")} -> SalesTeam4 | F2: =VLOOKUP(E2,Teams!$A$1:$B$41,2,FALSE) -> 1 | G2: =_xlfn.TEXTBEFORE(A2,"_") -> SAM | H2: =VLOOKUP(G2,Streams!$C$1:$D$5,2,FALSE) -> 3
A3: ITES_ITTeam5_System Administrator | B3: 2 | C3: System Administrator | D3: 9 | E3: ITTeam5 | F3: =VLOOKUP(E3,Teams!$A$1:$B$41,2,FALSE) -> 2 | G3: =_xlfn.TEXTBEFORE(A3,"_") -> ITES | H3: =VLOOKUP(G3,Streams!$C$1:$D$5,2,FALSE) -> 2
A4: ITES_ITTeam5_IT Support Specialist | B4: 3 | C4: IT Support Specialist | D4: 9 | E4: ITTeam5 | F4: =VLOOKUP(E4,Teams!$A$1:$B$41,2,FALSE) -> 2 | G4: =_xlfn.TEXTBEFORE(A4,"_") -> ITES | H4: =VLOOKUP(G4,Streams!$C$1:$D$5,2,FALSE) -> 2
A5: SAM_SalesTeam4_Sales Director | B5: 4 | C5: Sales Director | D5: 4 | E5: SalesTeam4 | F5: =VLOOKUP(E5,Teams!$A$1:$B$41,2,FALSE) -> 1 | G5: =_xlfn.TEXTBEFORE(A5,"_") -> SAM | H5: =VLOOKUP(G5,Streams!$C$1:$D$5,2,FALSE) -> 3
A6: ENGG_EngineeringTeam1_Platform Delivery Lead | B6: 5 | C6: Platform Delivery Lead | D6: 5 | E6: EngineeringTeam1 | F6: =VLOOKUP(E6,Teams!$A$1:$B$41,2,FALSE) -> 3 | G6: =_xlfn.TEXTBEFORE(A6,"_") -> ENGG | H6: =VLOOKUP(G6,Streams!$C$1:$D$5,2,FALSE) -> 1
A7: ENGG_EngineeringTeam10_Staff Engineer | B7: 6 | C7: Staff Engineer | D7: 11 | E7: EngineeringTeam10 | F7: =VLOOKUP(E7,Teams!$A$1:$B$41,2,FALSE) -> 4 | G7: =_xlfn.TEXTBEFORE(A7,"_") -> ENGG | H7: =VLOOKUP(G7,Streams!$C$1:$D$5,2,FALSE) -> 1
A8: ITES_ITTeam2_Network Administrator | B8: 7 | C8: Network Administrator | D8: 9 | E8: ITTeam2 | F8: =VLOOKUP(E8,Teams!$A$1:$B$41,2,FALSE) -> 5 | G8: =_xlfn.TEXTBEFORE(A8,"_") -> ITES | H8: =VLOOKUP(G8,Streams!$C$1:$D$5,2,FALSE) -> 2
A9: ITES_ITTeam1_System Administrator | B9: 8 | C9: System Administrator | D9: 9 | E9: ITTeam1 | F9: =VLOOKUP(E9,Teams!$A$1:$B$41,2,FALSE) -> 6 | G9: =_xlfn.TEXTBEFORE(A9,"_") -> ITES | H9: =VLOOKUP(G9,Streams!$C$1:$D$5,2,FALSE) -> 2
A10: ENGG_EngineeringTeam1_Software Developer 1 | B10: 9 | C10: Software Developer 1 | D10: 11 | E10: EngineeringTeam1 | F10: =VLOOKUP(E10,Teams!$A$1:$B$41,2,FALSE) -> 3 | G10: =_xlfn.TEXTBEFORE(A10,"_") -> ENGG | H10: =VLOOKUP(G10,Streams!$C$1:$D$5,2,FALSE) -> 1
A11: SAM_SalesTeam3_Sales Director | B11: 10 | C11: Sales Director | D11: 4 | E11: SalesTeam3 | F11: =VLOOKUP(E11,Teams!$A$1:$B$41,2,FALSE) -> 7 | G11: =_xlfn.TEXTBEFORE(A11,"_") -> SAM | H11: =VLOOKUP(G11,Streams!$C$1:$D$5,2,FALSE) -> 3
A12: SAM_SalesTeam5_Sales Director | B12: 11 | C12: Sales Director | D12: 4 | E12: SalesTeam5 | F12: =VLOOKUP(E12,Teams!$A$1:$B$41,2,FALSE) -> 8 | G12: =_xlfn.TEXTBEFORE(A12,"_") -> SAM | H12: =VLOOKUP(G12,Streams!$C$1:$D$5,2,FALSE) -> 3
A13: ITES_ITTeam6_System Administrator | B13: 12 | C13: System Administrator | D13: 9 | E13: ITTeam6 | F13: =VLOOKUP(E13,Teams!$A$1:$B$41,2,FALSE) -> 9 | G13: =_xlfn.TEXTBEFORE(A13,"_") -> ITES | H13: =VLOOKUP(G13,Streams!$C$1:$D$5,2,FALSE) -> 2
A14: SAM_SalesTeam8_Digital Marketing Specialist | B14: 13 | C14: Digital Marketing Specialist | D14: 10 | E14: SalesTeam8 | F14: =VLOOKUP(E14,Teams!$A$1:$B$41,2,FALSE) -> 10 | G14: =_xlfn.TEXTBEFORE(A14,"_") -> SAM | H14: =VLOOKUP(G14,Streams!$C$1:$D$5,2,FALSE) -> 3
... A197: ITES_ITTeam10_Computer Technician | B197: 196 | C197: Computer Technician | D197: 10 | E197: ITTeam10 | F197: =VLOOKUP(E197,Teams!$A$1:$B$41,2,FALSE) -> 14 | G197: =_xlfn.TEXTBEFORE(A197,"_") -> ITES | H197: =VLOOKUP(G197,Streams!$C$1:$D$5,2,FALSE) -> 2

Sheet Teams
A1: Team | B1: Team ID
A2: {=_xlfn.UNIQUE(_xlfn._xlws.FILTER(_xlfn.ANCHORARRAY(Roles!E2),_xlfn.ANCHORARRAY(Roles!E2)<>""))} -> SalesTeam4 | B2: {=_xlfn.SEQUENCE(COUNTA(_xlfn.ANCHORARRAY(A2)))} -> 1
A3: ITTeam5 | B3: 2
A4: EngineeringTeam1 | B4: 3
A5: EngineeringTeam10 | B5: 4
A6: ITTeam2 | B6: 5
A7: ITTeam1 | B7: 6
A8: SalesTeam3 | B8: 7
A9: SalesTeam5 | B9: 8
A10: ITTeam6 | B10: 9
A11: SalesTeam8 | B11: 10
A12: ResearchTeam8 | B12: 11
A13: ITTeam9 | B13: 12
A14: ITTeam3 | B14: 13
... A41: SalesTeam9 | B41: 40

Sheet Streams
A1: Stream ID | B1: Stream | C1: Stream Code | D1: Stream ID_1
A2: 1 | B2: Engineering | C2: ENGG | D2: =A2 -> 1
A3: 2 | B3: IT and Support | C3: ITES | D3: =A3 -> 2
A4: 3 | B4: Sales and Marketing | C4: SAM | D4: =A4 -> 3
A5: 4 | B5: Research | C5: RND | D5: =A5 -> 4

Sheet Planned Demand
A1: Stream Code | B1: Team | C1: Role | D1: Year | E1: Quarter | F1: Month | G1: Planned Demand | H1: Month-SOW
A2: ENGG | B2: EngineeringTeam1 | C2: Engineering Manager | D2: 2025 | E2: ="Q"&ROUNDUP(MONTH(DATEVALUE(F2&" 1"))/3,0) -> Q3 | F2: July | G2: 1 | H2: =_xlfn.CONCAT(F2,"-",D2) -> July-2025
A3: ENGG | B3: EngineeringTeam1 | C3: Engineering Manager | D3: 2025 | E3: ="Q"&ROUNDUP(MONTH(DATEVALUE(F3&" 1"))/3,0) -> Q3 | F3: August | G3: 0 | H3: =_xlfn.CONCAT(F3,"-",D3) -> August-2025
A4: ENGG | B4: EngineeringTeam1 | C4: Engineering Manager | D4: 2025 | E4: ="Q"&ROUNDUP(MONTH(DATEVALUE(F4&" 1"))/3,0) -> Q3 | F4: September | G4: 0 | H4: =_xlfn.CONCAT(F4,"-",D4) -> September-2025
A5: ENGG | B5: EngineeringTeam1 | C5: Engineering Manager | D5: 2025 | E5: ="Q"&ROUNDUP(MONTH(DATEVALUE(F5&" 1"))/3,0) -> Q4 | F5: October | G5: 0 | H5: =_xlfn.CONCAT(F5,"-",D5) -> October-2025
A6: ENGG | B6: EngineeringTeam1 | C6: Engineering Manager | D6: 2025 | E6: ="Q"&ROUNDUP(MONTH(DATEVALUE(F6&" 1"))/3,0) -> Q4 | F6: November | G6: 0 | H6: =_xlfn.CONCAT(F6,"-",D6) -> November-2025
A7: ENGG | B7: EngineeringTeam1 | C7: Engineering Manager | D7: 2025 | E7: ="Q"&ROUNDUP(MONTH(DATEVALUE(F7&" 1"))/3,0) -> Q4 | F7: December | G7: 0 | H7: =_xlfn.CONCAT(F7,"-",D7) -> December-2025
A8: ENGG | B8: EngineeringTeam1 | C8: Engineering Manager | D8: 2026 | E8: ="Q"&ROUNDUP(MONTH(DATEVALUE(F8&" 1"))/3,0) -> Q1 | F8: January | G8: 0 | H8: =_xlfn.CONCAT(F8,"-",D8) -> January-2026
A9: ENGG | B9: EngineeringTeam1 | C9: Engineering Manager | D9: 2026 | E9: ="Q"&ROUNDUP(MONTH(DATEVALUE(F9&" 1"))/3,0) -> Q1 | F9: February | G9: 0 | H9: =_xlfn.CONCAT(F9,"-",D9) -> February-2026
A10: ENGG | B10: EngineeringTeam1 | C10: Engineering Manager | D10: 2026 | E10: ="Q"&ROUNDUP(MONTH(DATEVALUE(F10&" 1"))/3,0) -> Q1 | F10: March | G10: 0 | H10: =_xlfn.CONCAT(F10,"-",D10) -> March-2026
A11: ENGG | B11: EngineeringTeam1 | C11: Engineering Manager | D11: 2026 | E11: ="Q"&ROUNDUP(MONTH(DATEVALUE(F11&" 1"))/3,0) -> Q2 | F11: April | G11: 0 | H11: =_xlfn.CONCAT(F11,"-",D11) -> April-2026
A12: ENGG | B12: EngineeringTeam1 | C12: Engineering Manager | D12: 2026 | E12: ="Q"&ROUNDUP(MONTH(DATEVALUE(F12&" 1"))/3,0) -> Q2 | F12: May | G12: 0 | H12: =_xlfn.CONCAT(F12,"-",D12) -> May-2026
A13: ENGG | B13: EngineeringTeam1 | C13: Engineering Manager | D13: 2026 | E13: ="Q"&ROUNDUP(MONTH(DATEVALUE(F13&" 1"))/3,0) -> Q2 | F13: June | G13: 0 | H13: =_xlfn.CONCAT(F13,"-",D13) -> June-2026
... A1201: SAM | B1201: SalesTeam9 | C1201: Sales Director | D1201: 2026 | E1201: ="Q"&ROUNDUP(MONTH(DATEVALUE(F1201&" 1"))/3,0) -> Q2 | F1201: June | G1201: 0 | H1201: =_xlfn.CONCAT(F1201,"-",D1201) -> June-2026

Sheet Talent Data
A1: Year | B1: Quarter | C1: Month | D1: Date_Key | E1: Stream ID | F1: GallupQ score | G1: Employee Onboarding Experience | H1: ACE recognition % | I1: Client Recognition | J1: Time spent upskilling (hrs) | K1: Skill Proficiency Level - Not Assessed & <P1 (%) | L1: Skill Proficiency Level P1&P2 | M1: Skill Proficiency Level P3+ | N1: Industry Proficiency % | O1: Tech Profienciency % | P1: Other Proficiency % | Q1: Attrition % | R1: Retention % | S1: Ethics & Compliance Trainings | T1: Notice Period | U1: Functional Orientation HC | V1: FO Completion | W1: HCI | X1: HCI Responses | Y1: Feedback
A2: 2025 | B2: ="Q"&ROUNDUP(MONTH(DATEVALUE(C2&" 1"))/3,0) -> Q3 | C2: July | D2: =CONCATENATE(A2,"_",B2,"_",C2) -> 2025_Q3_July | E2: 1 | F2: 4.2 | G2: 0.98 | H2: 1 | I2: 3 | J2: 248 | K2: 0.28125 | L2: 0.0625 | M2: 0.65625 | N2: 0.168357 | O2: 0.70588235 | P2: 0.12576065 | Q2: 0 | R2: 1 | S2: 0.5 | T2: 0 | U2: 53 | V2: 32 | W2: 89 | X2: 127 | Y2: Excellent, Exciting, The Best, Roaring successful event, Useful, Engaging, Good, Awesome, Amazing, Very Good Experience, Surprising, Informative, Very well organized, Great Opportunity, Collaborative, Insightful, Vision oriented, Fun, Good to meet everyone, Great visibility, Energetic, Knowledge, Great Start, Innovative, Splendid, Innovative, Place to grow, Arrangements, Hope for success, Looking for more, Exceptional, Enthusiastic, Interactive, Clear direction
A3: 2025 | B3: ="Q"&ROUNDUP(MONTH(DATEVALUE(C3&" 1"))/3,0) -> Q3 | C3: July | D3: =CONCATENATE(A3,"_",B3,"_",C3) -> 2025_Q3_July | E3: 2 | F3: 4.36 | G3: 0.92 | H3: 0 | I3: 4 | J3: 440 | K3: 0.41891892 | L3: 0.10810811 | M3: 0.47297297 | N3: 0.20382166 | O3: 0.68789809 | P3: 0.10828025 | Q3: 1 | R3: 0 | S3: 0.8 | T3: 1 | U3: 74 | V3: 68 | W3: 46 | X3: 65 | Y3: Supercharged, Informative, Awesome, Knowledge, Core values, Great Session, client interaction, Vision, Super excited, Future growth, One Vertex, Deep dive, Insightful, Wonderful, Coordination, Exciting, One IT, Clarity, Innovation, Own the mission, Communication
A4: 2025 | B4: ="Q"&ROUNDUP(MONTH(DATEVALUE(C4&" 1"))/3,0) -> Q3 | C4: July | D4: =CONCATENATE(A4,"_",B4,"_",C4) -> 2025_Q3_July | E4: 3 | F4: 4.23 | G4: 0.9 | H4: 2 | I4: 5 | J4: 320 | K4: 0.28125 | L4: 0.0625 | M4: 0.65625 | N4: 0.168357 | O4: 0.70588235 | P4: 0.12576065 | Q4: 0 | R4: 0 | S4: 0.5 | T4: 0 | U4: 60 | V4: 49 | W4: 40 | X4: 51 | Y4: Excited, Clear Communication, Amazing, Engaging, Clear Direction, Importance of Innovation, Collaboration, Learning Opportunities, Good visibility, One Family
A5: 2025 | B5: ="Q"&ROUNDUP(MONTH(DATEVALUE(C5&" 1"))/3,0) -> Q3 | C5: July | D5: =CONCATENATE(A5,"_",B5,"_",C5) -> 2025_Q3_July | E5: 4 | F5: 4.1 | G5: 0.85 | H5: 1 | I5: 2 | J5: 328 | K5: 0.41891892 | L5: 0.10810811 | M5: 0.47297297 | N5: 0.20382166 | O5: 0.68789809 | P5: 0.10828025 | Q5: 0 | R5: 0 | S5: 0.8 | T5: 0 | U5: 100 | V5: 70 | W5: 48 | X5: 58 | Y5: Excellent, Exciting, The Best, Roaring successful event, Useful, Engaging, Good, Awesome, Amazing, Very Good Experience, Surprising, Informative, Very well organized, Great Opportunity, Collaborative, Insightful, Vision oriented, Fun, Good to meet everyone, Great visibility, Energetic, Knowledge, Great Start, Innovative, Splendid, Innovative, Place to grow, Arrangements, Hope for success, Looking for more, Exceptional, Enthusiastic, Interactive, Clear direction
A6: 2025 | B6: ="Q"&ROUNDUP(MONTH(DATEVALUE(C6&" 1"))/3,0) -> Q3 | C6: August | D6: =CONCATENATE(A6,"_",B6,"_",C6) -> 2025_Q3_August | E6: 1 | F6: 4.2 | G6: 0.98 | H6: 1 | I6: 3 | J6: 248 | K6: 0.28125 | L6: 0.0625 | M6: 0.65625 | N6: 0.168357 | O6: 0.70588235 | P6: 0.12576065 | Q6: 0 | R6: 1 | S6: 0.5 | T6: 0 | U6: 53 | V6: 32 | W6: 89 | X6: 127 | Y6: Excellent, Exciting, The Best, Roaring successful event, Useful, Engaging, Good, Awesome, Amazing, Very Good Experience, Surprising, Informative, Very well organized, Great Opportunity, Collaborative, Insightful, Vision oriented, Fun, Good to meet everyone, Great visibility, Energetic, Knowledge, Great Start, Innovative, Splendid, Innovative, Place to grow, Arrangements, Hope for success, Looking for more, Exceptional, Enthusiastic, Interactive, Clear direction
A7: 2025 | B7: ="Q"&ROUNDUP(MONTH(DATEVALUE(C7&" 1"))/3,0) -> Q3 | C7: August | D7: =CONCATENATE(A7,"_",B7,"_",C7) -> 2025_Q3_August | E7: 2 | F7: 4.36 | G7: 0.92 | H7: 0 | I7: 4 | J7: 440 | K7: 0.41891892 | L7: 0.10810811 | M7: 0.47297297 | N7: 0.20382166 | O7: 0.68789809 | P7: 0.10828025 | Q7: 1 | R7: 0 | S7: 0.8 | T7: 1 | U7: 74 | V7: 68 | W7: 46 | X7: 65 | Y7: Supercharged, Informative, Awesome, Knowledge, Core values, Great Session, client interaction, Vision, Super excited, Future growth, One Vertex, Deep dive, Insightful, Wonderful, Coordination, Exciting, One IT, Clarity, Innovation, Own the mission, Communication
A8: 2025 | B8: ="Q"&ROUNDUP(MONTH(DATEVALUE(C8&" 1"))/3,0) -> Q3 | C8: August | D8: =CONCATENATE(A8,"_",B8,"_",C8) -> 2025_Q3_August | E8: 3 | F8: 4.23 | G8: 0.9 | H8: 2 | I8: 5 | J8: 320 | K8: 0.28125 | L8: 0.0625 | M8: 0.65625 | N8: 0.168357 | O8: 0.70588235 | P8: 0.12576065 | Q8: 0 | R8: 0 | S8: 0.5 | T8: 0 | U8: 60 | V8: 49 | W8: 40 | X8: 51 | Y8: Excited, Clear Communication, Amazing, Engaging, Clear Direction, Importance of Innovation, Collaboration, Learning Opportunities, Good visibility, One Family
A9: 2025 | B9: ="Q"&ROUNDUP(MONTH(DATEVALUE(C9&" 1"))/3,0) -> Q3 | C9: August | D9: =CONCATENATE(A9,"_",B9,"_",C9) -> 2025_Q3_August | E9: 4 | F9: 4.1 | G9: 0.85 | H9: 1 | I9: 2 | J9: 328 | K9: 0.41891892 | L9: 0.10810811 | M9: 0.47297297 | N9: 0.20382166 | O9: 0.68789809 | P9: 0.10828025 | Q9: 0 | R9: 0 | S9: 0.8 | T9: 0 | U9: 100 | V9: 70 | W9: 48 | X9: 58 | Y9: Excellent, Exciting, The Best, Roaring successful event, Useful, Engaging, Good, Awesome, Amazing, Very Good Experience, Surprising, Informative, Very well organized, Great Opportunity, Collaborative, Insightful, Vision oriented, Fun, Good to meet everyone, Great visibility, Energetic, Knowledge, Great Start, Innovative, Splendid, Innovative, Place to grow, Arrangements, Hope for success, Looking for more, Exceptional, Enthusiastic, Interactive, Clear direction
A10: 2025 | B10: ="Q"&ROUNDUP(MONTH(DATEVALUE(C10&" 1"))/3,0) -> Q3 | C10: September | D10: =CONCATENATE(A10,"_",B10,"_",C10) -> 2025_Q3_September | E10: 1 | F10: 4.2 | G10: 0.98 | H10: 1 | I10: 3 | J10: 248 | K10: 0.28125 | L10: 0.0625 | M10: 0.65625 | N10: 0.168357 | O10: 0.70588235 | P10: 0.12576065 | Q10: 0 | R10: 1 | S10: 0.5 | T10: 0 | U10: 53 | V10: 32 | W10: 89 | X10: 127 | Y10: Excellent, Exciting, The Best, Roaring successful event, Useful, Engaging, Good, Awesome, Amazing, Very Good Experience, Surprising, Informative, Very well organized, Great Opportunity, Collaborative, Insightful, Vision oriented, Fun, Good to meet everyone, Great visibility, Energetic, Knowledge, Great Start, Innovative, Splendid, Innovative, Place to grow, Arrangements, Hope for success, Looking for more, Exceptional, Enthusiastic, Interactive, Clear direction
A11: 2025 | B11: ="Q"&ROUNDUP(MONTH(DATEVALUE(C11&" 1"))/3,0) -> Q3 | C11: September | D11: =CONCATENATE(A11,"_",B11,"_",C11) -> 2025_Q3_September | E11: 2 | F11: 4.36 | G11: 0.92 | H11: 0 | I11: 4 | J11: 440 | K11: 0.41891892 | L11: 0.10810811 | M11: 0.47297297 | N11: 0.20382166 | O11: 0.68789809 | P11: 0.10828025 | Q11: 1 | R11: 0 | S11: 0.8 | T11: 1 | U11: 74 | V11: 68 | W11: 46 | X11: 65 | Y11: Supercharged, Informative, Awesome, Knowledge, Core values, Great Session, client interaction, Vision, Super excited, Future growth, One Vertex, Deep dive, Insightful, Wonderful, Coordination, Exciting, One IT, Clarity, Innovation, Own the mission, Communication
A12: 2025 | B12: ="Q"&ROUNDUP(MONTH(DATEVALUE(C12&" 1"))/3,0) -> Q3 | C12: September | D12: =CONCATENATE(A12,"_",B12,"_",C12) -> 2025_Q3_September | E12: 3 | F12: 4.23 | G12: 0.9 | H12: 2 | I12: 5 | J12: 320 | K12: 0.28125 | L12: 0.0625 | M12: 0.65625 | N12: 0.168357 | O12: 0.70588235 | P12: 0.12576065 | Q12: 0 | R12: 0 | S12: 0.5 | T12: 0 | U12: 60 | V12: 49 | W12: 40 | X12: 51 | Y12: Excited, Clear Communication, Amazing, Engaging, Clear Direction, Importance of Innovation, Collaboration, Learning Opportunities, Good visibility, One Family
A13: 2025 | B13: ="Q"&ROUNDUP(MONTH(DATEVALUE(C13&" 1"))/3,0) -> Q3 | C13: September | D13: =CONCATENATE(A13,"_",B13,"_",C13) -> 2025_Q3_September | E13: 4 | F13: 4.1 | G13: 0.85 | H13: 1 | I13: 2 | J13: 328 | K13: 0.41891892 | L13: 0.10810811 | M13: 0.47297297 | N13: 0.20382166 | O13: 0.68789809 | P13: 0.10828025 | Q13: 0 | R13: 0 | S13: 0.8 | T13: 0 | U13: 100 | V13: 70 | W13: 48 | X13: 58 | Y13: Excellent, Exciting, The Best, Roaring successful event, Useful, Engaging, Good, Awesome, Amazing, Very Good Experience, Surprising, Informative, Very well organized, Great Opportunity, Collaborative, Insightful, Vision oriented, Fun, Good to meet everyone, Great visibility, Energetic, Knowledge, Great Start, Innovative, Splendid, Innovative, Place to grow, Arrangements, Hope for success, Looking for more, Exceptional, Enthusiastic, Interactive, Clear direction
... A17: 2025 | B17: ="Q"&ROUNDUP(MONTH(DATEVALUE(C17&" 1"))/3,0) -> Q4 | C17: October | D17: =CONCATENATE(A17,"_",B17,"_",C17) -> 2025_Q4_October | E17: 4 | F17: 4.1 | G17: 0.85 | H17: 1 | I17: 2 | J17: 328 | K17: 0.41891892 | L17: 0.10810811 | M17: 0.47297297 | N17: 0.20382166 | O17: 0.68789809 | P17: 0.10828025 | Q17: 0 | R17: 0 | S17: 0.8 | T17: 0 | U17: 100 | V17: 70 | W17: 48 | X17: 58 | Y17: Excellent, Exciting, The Best, Roaring successful event, Useful, Engaging, Good, Awesome, Amazing, Very Good Experience, Surprising, Informative, Very well organized, Great Opportunity, Collaborative, Insightful, Vision oriented, Fun, Good to meet everyone, Great visibility, Energetic, Knowledge, Great Start, Innovative, Splendid, Innovative, Place to grow, Arrangements, Hope for success, Looking for more, Exceptional, Enthusiastic, Interactive, Clear direction

Sheet Top Skills
A1: SkillName | B1: Function ID | C1: HC | D1: Month Number | E1: Year
A2: Data | B2: 1 | C2: 14 | D2: 10 | E2: 2025
A3: Microsoft Platform | B3: 1 | C3: 6 | D3: 10 | E3: 2025
A4: Java Technology Platform | B4: 1 | C4: 14 | D4: 10 | E4: 2025
A5: Agile | B5: 1 | C5: 1 | D5: 10 | E5: 2025
A6: Quality Engg | B6: 1 | C6: 5 | D6: 10 | E6: 2025
A7: Oracle | B7: 1 | C7: 2 | D7: 10 | E7: 2025
A8: DevOps | B8: 1 | C8: 4 | D8: 10 | E8: 2025
A9: CMT-Comms & Media | B9: 1 | C9: 1 | D9: 10 | E9: 2025
A10: Artificial Intelligence | B10: 1 | C10: 3 | D10: 10 | E10: 2025
A11: Arch Integration | B11: 1 | C11: 3 | D11: 10 | E11: 2025
A12: Cloud Operations | B12: 1 | C12: 2 | D12: 10 | E12: 2025
A13: APP | B13: 1 | C13: 1 | D13: 10 | E13: 2025
... A42: Market Intelligence | B42: 4 | C42: 10 | D42: 10 | E42: 2025

Sheet Health
E1: Formula | F1: =Actual ramp up/planned ramp up % | G1: =Average of % Completion of all teams (Story points completed vs. Story points committed in a sprint (%)) | H1: = Average employee satisfaction score/NPS | I1: =Average of quantitative score (1-5) shared per resource by functional PMO | J1: =Team wise integration score by functions
E2: Scale | F2: >90% - Yes <90% - No | G2: >90% - Yes <90% - No | H2: >50% - Yes <50% - No | I2: 4-5 - Yes 0-3 - No | J2: >80% - Yes <80% - No
E3: Weight | F3: 0.3 | G3: 0.3 | H3: 0.1 | I3: 0.2 | J3: 0.1
A4: Year | B4: Quarter | C4: Month | D4: Function ID | E4: Function | F4: Ramp-Up Progress | G4: Delivery Efficiency | H4: Employee Satisfaction | I4: Right Skill Acquisition | J4: Overall Integration with Organizational Framework and Culture | K4: Overall Score | L4: Weighted Score
A5: 2025 | B5: Q4 | C5: October | D5: 1 | E5: ENGG | F5: Yes | G5: Yes | H5: Yes | I5: Yes | J5: Yes | K5: =COUNTIF(F5:J5, "Yes") -> 5 | L5: =SUMIF(F5:J5,"Yes",$F$3:$J$3) -> 1
A6: 2025 | B6: Q4 | C6: October | D6: 2 | E6: ITES | F6: No | G6: Yes | H6: No | I6: Yes | J6: Yes | K6: =COUNTIF(F6:J6, "Yes") -> 3 | L6: =SUMIF(F6:J6,"Yes",$F$3:$J$3) -> 0.6
A7: 2025 | B7: Q4 | C7: October | D7: 3 | E7: SAM
A8: 2025 | B8: Q4 | C8: October | D8: 4 | E8: RND | F8: Yes | G8: Yes | H8: Yes | I8: Yes | J8: Yes | K8: =COUNTIF(F8:J8, "Yes") -> 5 | L8: =SUMIF(F8:J8,"Yes",$F$3:$J$3) -> 1

Sheet Program Data
A1: Control Tower | B1: Count of Tasks | C1: % Deviation | D1: Count Delayed | E1: Count on time | F1: Total Milestones | G1: Tower Name
A2: ENGG | B2: =COUNTIF('Program Deep Dive'!B:B,'Program Data'!A2) -> 14 | C2: =D2/B2 -> 0.071428571 | D2: =COUNTIFS('Program Deep Dive'!B:B,'Program Data'!A2,'Program Deep Dive'!G:G,"Late") -> 1 | E2: =B2-D2 -> 13 | F2: =SUMIF('Program Deep Dive'!B:B, 'Program Data'!A2,'Program Deep Dive'!H:H) -> 49 | G2: Product Engineering
A3: ITES | B3: =COUNTIF('Program Deep Dive'!B:B,'Program Data'!A3) -> 18 | C3: =D3/B3 -> 0.055555556 | D3: =COUNTIFS('Program Deep Dive'!B:B,'Program Data'!A3,'Program Deep Dive'!G:G,"Late") -> 1 | E3: =B3-D3 -> 17 | F3: =SUMIF('Program Deep Dive'!B:B, 'Program Data'!A3,'Program Deep Dive'!H:H) -> 61 | G3: IT & Enterprise Support
A4: SAM | B4: =COUNTIF('Program Deep Dive'!B:B,'Program Data'!A4) -> 18 | C4: =D4/B4 -> 0.22222222 | D4: =COUNTIFS('Program Deep Dive'!B:B,'Program Data'!A4,'Program Deep Dive'!G:G,"Late") -> 4 | E4: =B4-D4 -> 14 | F4: =SUMIF('Program Deep Dive'!B:B, 'Program Data'!A4,'Program Deep Dive'!H:H) -> 64 | G4: Sales & Marketing
A5: RND | B5: =COUNTIF('Program Deep Dive'!B:B,'Program Data'!A5) -> 16 | C5: =D5/B5 -> 0.1875 | D5: =COUNTIFS('Program Deep Dive'!B:B,'Program Data'!A5,'Program Deep Dive'!G:G,"Late") -> 3 | E5: =B5-D5 -> 13 | F5: =SUMIF('Program Deep Dive'!B:B, 'Program Data'!A5,'Program Deep Dive'!H:H) -> 55 | G5: Research & Development
A6: HRT | B6: =COUNTIF('Program Deep Dive'!B:B,'Program Data'!A6) -> 80 | C6: =D6/B6 -> 0.1625 | D6: =COUNTIFS('Program Deep Dive'!B:B,'Program Data'!A6,'Program Deep Dive'!G:G,"Late") -> 13 | E6: =B6-D6 -> 67 | F6: =SUMIF('Program Deep Dive'!B:B, 'Program Data'!A6,'Program Deep Dive'!H:H) -> 273 | G6: Human Resources & Talent
A7: VRO | B7: =COUNTIF('Program Deep Dive'!B:B,'Program Data'!A7) -> 45 | C7: =D7/B7 -> 0.022222222 | D7: =COUNTIFS('Program Deep Dive'!B:B,'Program Data'!A7,'Program Deep Dive'!G:G,"Late") -> 1 | E7: =B7-D7 -> 44 | F7: =SUMIF('Program Deep Dive'!B:B, 'Program Data'!A7,'Program Deep Dive'!H:H) -> 160 | G7: Value Realisation Office
A8: OCM | B8: =COUNTIF('Program Deep Dive'!B:B,'Program Data'!A8) -> 120 | C8: =D8/B8 -> 0.058333333 | D8: =COUNTIFS('Program Deep Dive'!B:B,'Program Data'!A8,'Program Deep Dive'!G:G,"Late") -> 7 | E8: =B8-D8 -> 113 | F8: =SUMIF('Program Deep Dive'!B:B, 'Program Data'!A8,'Program Deep Dive'!H:H) -> 426 | G8: Organizational Change Management

Sheet Program Deep Dive
A1: Serial ID | B1: Control Tower | C1: Stream | D1: Deliverable | E1: Completion | F1: Owner | G1: Status | H1: Milestones | I1: Task Start Date | J1: Planned End date | K1: Actual End Date
A2: 1.1.1 | B2: ENGG | C2: Group1 | D2: Task 1 of Group1 | E2: 0% Complete | G2: Not Late | H2: 3 | I2: 45932.721 | J2: 45985.451
A3: 1.1.13 | B3: ENGG | C3: Group1 | D3: Task 13 of Group1 | E3: 75% Complete | G3: Not Late | H3: 4 | I3: 45851.379 | J3: 45881.158 | K3: 45877.395
A4: 1.1.4 | B4: ENGG | C4: Group1 | D4: Task 4 of Group1 | E4: 50% Complete | G4: Late | H4: 4 | I4: 45844.085 | J4: 45864.933 | K4: 45868.342
A5: 1.1.5 | B5: ENGG | C5: Group1 | D5: Task 5 of Group1 | E5: 100% Complete | G5: Not Late | H5: 4 | I5: 45958.502 | J5: 45983.939
A6: 1.1.7 | B6: ENGG | C6: Group1 | D6: Task 7 of Group1 | E6: 50% Complete | G6: Not Late | H6: 4 | I6: 45912.102 | J6: 45934.908 | K6: 45937.121
A7: 1.1.8 | B7: ENGG | C7: Group1 | D7: Task 8 of Group1 | E7: 100% Complete | G7: Not Late | H7: 4 | I7: 45959.486 | J7: 45988.972
A8: 1.2.11 | B8: ENGG | C8: Group2 | D8: Task 11 of Group2 | E8: 50% Complete | G8: Not Late | H8: 4 | I8: 45964.531 | J8: 45992.176
A9: 1.2.14 | B9: ENGG | C9: Group2 | D9: Task 14 of Group2 | E9: 0% Complete | G9: Not Late | H9: 2 | I9: 45961.566 | J9: 45987.979
A10: 1.2.6 | B10: ENGG | C10: Group2 | D10: Task 6 of Group2 | E10: 50% Complete | G10: Not Late | H10: 4 | I10: 45849.263 | J10: 45875.979 | K10: 45877.758
A11: 1.2.9 | B11: ENGG | C11: Group2 | D11: Task 9 of Group2 | E11: 0% Complete | G11: Not Late | H11: 4 | I11: 45891.757 | J11: 45917.843 | K11: 45919.028
A12: 1.3.10 | B12: ENGG | C12: Group3 | D12: Task 10 of Group3 | E12: 50% Complete | G12: Not Late | H12: 3 | I12: 45857.018 | J12: 45873.056 | K12: 45865.48
A13: 1.3.12 | B13: ENGG | C13: Group3 | D13: Task 12 of Group3 | E13: 25% Complete | G13: Not Late | H13: 4 | I13: 45852.595 | J13: 45880.765 | K13: 45886.106
A14: 1.3.2 | B14: ENGG | C14: Group3 | D14: Task 2 of Group3 | E14: 100% Complete | G14: Not Late | H14: 1 | I14: 45899.717 | J14: 45919.054 | K14: 45912.959
A15: 1.3.3 | B15: ENGG | C15: Group3 | D15: Task 3 of Group3 | E15: 0% Complete | G15: Not Late | H15: 4 | I15: 45885.418 | J15: 45914.912 | K15: 45917.539
A16: 2.1.1 | B16: ITES | C16: Group1 | D16: Task 1 of Group1 | E16: 75% Complete | G16: Not Late | H16: 4 | I16: 45909.239 | J16: 45927.221 | K16: 45933.998
A17: 2.1.4 | B17: ITES | C17: Group1 | D17: Task 4 of Group1 | E17: 25% Complete | G17: Not Late | H17: 3 | I17: 45994.133 | J17: 46020.423
A18: 2.2.13 | B18: ITES | C18: Group2 | D18: Task 13 of Group2 | E18: 100% Complete | G18: Not Late | H18: 4 | I18: 45987.64 | J18: 46016.157
A19: 2.2.14 | B19: ITES | C19: Group2 | D19: Task 14 of Group2 | E19: 100% Complete | G19: Not Late | H19: 4 | I19: 45886.945 | J19: 45915.441 | K19: 45924.304
A20: 2.2.15 | B20: ITES | C20: Group2 | D20: Task 15 of Group2 | E20: 100% Complete | G20: Not Late | H20: 4 | I20: 45952.318 | J20: 45970.005
A21: 2.2.17 | B21: ITES | C21: Group2 | D21: Task 17 of Group2 | E21: 25% Complete | G21: Not Late | H21: 4 | I21: 45968.606 | J21: 45998.518
A22: 2.2.18 | B22: ITES | C22: Group2 | D22: Task 18 of Group2 | E22: 0% Complete | G22: Not Late | H22: 2 | I22: 45876.729 | J22: 45903.673 | K22: 45899.404
A23: 2.2.2 | B23: ITES | C23: Group2 | D23: Task 2 of Group2 | E23: 25% Complete | G23: Not Late | H23: 4 | I23: 45887.451 | J23: 45909.166 | K23: 45919.044
A24: 2.2.3 | B24: ITES | C24: Group2 | D24: Task 3 of Group2 | E24: 100% Complete | G24: Not Late | H24: 4 | I24: 45983.707 | J24: 46012.395
A25: 2.2.5 | B25: ITES | C25: Group2 | D25: Task 5 of Group2 | E25: 25% Complete | G25: Late | H25: 1 | I25: 45963.492 | J25: 45989.092
A26: 2.2.7 | B26: ITES | C26: Group2 | D26: Task 7 of Group2 | E26: 0% Complete | G26: Not Late | H26: 3 | I26: 45884.568 | J26: 45901.436 | K26: 45893.308
A27: 2.3.10 | B27: ITES | C27: Group3 | D27: Task 10 of Group3 | E27: 100% Complete | G27: Not Late | H27: 3 | I27: 45981.513 | J27: 46006.198
A28: 2.3.11 | B28: ITES | C28: Group3 | D28: Task 11 of Group3 | E28: 0% Complete | G28: Not Late | H28: 4 | I28: 45874.898 | J28: 45900.933 | K28: 45902.789
A29: 2.3.12 | B29: ITES | C29: Group3 | D29: Task 12 of Group3 | E29: 0% Complete | G29: Not Late | H29: 4 | I29: 46009.377 | J29: 46035.252
A30: 2.3.16 | B30: ITES | C30: Group3 | D30: Task 16 of Group3 | E30: 0% Complete | G30: Not Late | H30: 4 | I30: 45930.165 | J30: 45948.062 | K30: 45943.069
A31: 2.3.6 | B31: ITES | C31: Group3 | D31: Task 6 of Group3 | E31: 0% Complete | G31: Not Late | H31: 4 | I31: 46010.394 | J31: 46036.772
A32: 2.3.8 | B32: ITES | C32: Group3 | D32: Task 8 of Group3 | E32: 75% Complete | G32: Not Late | H32: 1 | I32: 45941.919 | J32: 45958.573 | K32: 45964.81
A33: 2.3.9 | B33: ITES | C33: Group3 | D33: Task 9 of Group3 | E33: 0% Complete | G33: Not Late | H33: 4 | I33: 45843.763 | J33: 45872.185 | K33: 45871.511
A34: 3.1.1 | B34: SAM | C34: Group1 | D34: Task 1 of Group1 | E34: 25% Complete | G34: Not Late | H34: 4 | I34: 45888.52 | J34: 45909.982 | K34: 45914.245
A35: 3.1.10 | B35: SAM | C35: Group1 | D35: Task 10 of Group1 | E35: 0% Complete | G35: Not Late | H35: 4 | I35: 45856.53 | J35: 45884.252 | K35: 45892.559
A36: 3.1.16 | B36: SAM | C36: Group1 | D36: Task 16 of Group1 | E36: 50% Complete | G36: Not Late | H36: 4 | I36: 45914.671 | J36: 45938.044 | K36: 45942.252
A37: 3.1.18 | B37: SAM | C37: Group1 | D37: Task 18 of Group1 | E37: 50% Complete | G37: Not Late | H37: 4 | I37: 45932.742 | J37: 45955.291 | K37: 45964.907
A38: 3.2.13 | B38: SAM | C38: Group2 | D38: Task 13 of Group2 | E38: 75% Complete | G38: Not Late | H38: 4 | I38: 45997.358 | J38: 46022.796
A39: 3.2.14 | B39: SAM | C39: Group2 | D39: Task 14 of Group2 | E39: 75% Complete | G39: Not Late | H39: 3 | I39: 45922.648 | J39: 45949.055 | K39: 45956.676
A40: 3.2.15 | B40: SAM | C40: Group2 | D40: Task 15 of Group2 | E40: 50% Complete | G40: Late | H40: 3 | I40: 45908.113 | J40: 45924.942 | K40: 45916.514
A41: 3.2.2 | B41: SAM | C41: Group2 | D41: Task 2 of Group2 | E41: 75% Complete | G41: Not Late | H41: 4 | I41: 45865.433 | J41: 45884.789 | K41: 45889.773
A42: 3.2.5 | B42: SAM | C42: Group2 | D42: Task 5 of Group2 | E42: 25% Complete | G42: Not Late | H42: 4 | I42: 45953.164 | J42: 45974.411
A43: 3.2.6 | B43: SAM | C43: Group2 | D43: Task 6 of Group2 | E43: 100% Complete | G43: Not Late | H43: 2 | I43: 46013.461 | J43: 46039.712
A44: 3.2.7 | B44: SAM | C44: Group2 | D44: Task 7 of Group2 | E44: 25% Complete | G44: Not Late | H44: 4 | I44: 46015.118 | J44: 46038.982
A45: 3.2.9 | B45: SAM | C45: Group2 | D45: Task 9 of Group2 | E45: 75% Complete | G45: Not Late | H45: 4 | I45: 45896.651 | J45: 45923.853 | K45: 45918.788
A46: 3.3.11 | B46: SAM | C46: Group3 | D46: Task 11 of Group3 | E46: 50% Complete | G46: Not Late | H46: 2 | I46: 45846.347 | J46: 45861.551 | K46: 45866.782
A47: 3.3.12 | B47: SAM | C47: Group3 | D47: Task 12 of Group3 | E47: 25% Complete | G47: Not Late | H47: 4 | I47: 46003.886 | J47: 46027.169
A48: 3.3.17 | B48: SAM | C48: Group3 | D48: Task 17 of Group3 | E48: 50% Complete | G48: Late | H48: 4 | I48: 45963.747 | J48: 45984.509
A49: 3.3.3 | B49: SAM | C49: Group3 | D49: Task 3 of Group3 | E49: 75% Complete | G49: Not Late | H49: 4 | I49: 45960.818 | J49: 45988.344
A50: 3.3.4 | B50: SAM | C50: Group3 | D50: Task 4 of Group3 | E50: 50% Complete | G50: Late | H50: 3 | I50: 45985.144 | J50: 46013.337
A51: 3.3.8 | B51: SAM | C51: Group3 | D51: Task 8 of Group3 | E51: 75% Complete | G51: Late | H51: 3 | I51: 45911.932 | J51: 45933.537 | K51: 45939.05
A52: 4.1.15 | B52: RND | C52: Group1 | D52: Task 15 of Group1 | E52: 50% Complete | G52: Late | H52: 4 | I52: 45994.712 | J52: 46014.19
A53: 4.1.16 | B53: RND | C53: Group1 | D53: Task 16 of Group1 | E53: 75% Complete | G53: Late | H53: 4 | I53: 45889.821 | J53: 45906.573 | K53: 45901.423
A54: 4.1.5 | B54: RND | C54: Group1 | D54: Task 5 of Group1 | E54: 25% Complete | G54: Not Late | H54: 2 | I54: 46017.493 | J54: 46044.384
A55: 4.1.7 | B55: RND | C55: Group1 | D55: Task 7 of Group1 | E55: 25% Complete | G55: Not Late | H55: 2 | I55: 45948.213 | J55: 45969.846
A56: 4.2.1 | B56: RND | C56: Group2 | D56: Task 1 of Group2 | E56: 0% Complete | G56: Not Late | H56: 4 | I56: 45883.116 | J56: 45899.964 | K56: 45898.358
A57: 4.2.11 | B57: RND | C57: Group2 | D57: Task 11 of Group2 | E57: 100% Complete | G57: Not Late | H57: 4 | I57: 45894.059 | J57: 45911.732 | K57: 45920.655
A58: 4.2.13 | B58: RND | C58: Group2 | D58: Task 13 of Group2 | E58: 25% Complete | G58: Not Late | H58: 1 | I58: 45868.371 | J58: 45888.235 | K58: 45881.588
A59: 4.2.4 | B59: RND | C59: Group2 | D59: Task 4 of Group2 | E59: 0% Complete | G59: Not Late | H59: 4 | I59: 45992.03 | J59: 46020.456
A60: 4.2.6 | B60: RND | C60: Group2 | D60: Task 6 of Group2 | E60: 75% Complete | G60: Not Late | H60: 4 | I60: 45954.43 | J60: 45982.016
A61: 4.2.8 | B61: RND | C61: Group2 | D61: Task 8 of Group2 | E61: 0% Complete | G61: Not Late | H61: 3 | I61: 45882.208 | J61: 45909.289 | K61: 45906.74
A62: 4.2.9 | B62: RND | C62: Group2 | D62: Task 9 of Group2 | E62: 0% Complete | G62: Not Late | H62: 4 | I62: 45980.898 | J62: 46000.272
A63: 4.3.10 | B63: RND | C63: Group3 | D63: Task 10 of Group3 | E63: 75% Complete | G63: Not Late | H63: 4 | I63: 45890.088 | J63: 45914.036 | K63: 45907.429
A64: 4.3.12 | B64: RND | C64: Group3 | D64: Task 12 of Group3 | E64: 100% Complete | G64: Not Late | H64: 4 | I64: 46010.939 | J64: 46028.036
A65: 4.3.14 | B65: RND | C65: Group3 | D65: Task 14 of Group3 | E65: 25% Complete | G65: Not Late | H65: 3 | I65: 45857.53 | J65: 45884.366 | K65: 45877.916
A66: 4.3.2 | B66: RND | C66: Group3 | D66: Task 2 of Group3 | E66: 0% Complete | G66: Not Late | H66: 4 | I66: 45917.201 | J66: 45946.42 | K66: 45952.751
A67: 4.3.3 | B67: RND | C67: Group3 | D67: Task 3 of Group3 | E67: 25% Complete | G67: Late | H67: 4 | I67: 46021.641 | J67: 46044.066
A68: 5.1.11 | B68: HRT | C68: Group1 | D68: Task 11 of Group1 | E68: 25% Complete | G68: Not Late | H68: 4 | I68: 45900.5 | J68: 45927.053 | K68: 45919.342
A69: 5.1.16 | B69: HRT | C69: Group1 | D69: Task 16 of Group1 | E69: 0% Complete | G69: Not Late | H69: 4 | I69: 45966.646 | J69: 45992.97
A70: 5.1.17 | B70: HRT | C70: Group1 | D70: Task 17 of Group1 | E70: 50% Complete | G70: Not Late | H70: 4 | I70: 46011.965 | J70: 46035.053
A71: 5.1.18 | B71: HRT | C71: Group1 | D71: Task 18 of Group1 | E71: 75% Complete | G71: Not Late | H71: 4 | I71: 46001.147 | J71: 46024.765
A72: 5.1.21 | B72: HRT | C72: Group1 | D72: Task 21 of Group1 | E72: 100% Complete | G72: Not Late | H72: 2 | I72: 45931.052 | J72: 45956.568 | K72: 45947.603
A73: 5.1.25 | B73: HRT | C73: Group1 | D73: Task 25 of Group1 | E73: 0% Complete | G73: Not Late | H73: 4 | I73: 45989.659 | J73: 46005.624
A74: 5.1.26 | B74: HRT | C74: Group1 | D74: Task 26 of Group1 | E74: 100% Complete | G74: Not Late | H74: 4 | I74: 45887.33 | J74: 45916.812 | K74: 45913.36
A75: 5.1.28 | B75: HRT | C75: Group1 | D75: Task 28 of Group1 | E75: 0% Complete | G75: Not Late | H75: 2 | I75: 46006.387 | J75: 46025.626
A76: 5.1.31 | B76: HRT | C76: Group1 | D76: Task 31 of Group1 | E76: 100% Complete | G76: Not Late | H76: 4 | I76: 45915.252 | J76: 45934.907 | K76: 45940.215
A77: 5.1.35 | B77: HRT | C77: Group1 | D77: Task 35 of Group1 | E77: 25% Complete | G77: Not Late | H77: 4 | I77: 45883.908 | J77: 45911.063 | K77: 45904.395
A78: 5.1.36 | B78: HRT | C78: Group1 | D78: Task 36 of Group1 | E78: 75% Complete | G78: Late | H78: 4 | I78: 45893.313 | J78: 45913.141 | K78: 45919.468
A79: 5.1.37 | B79: HRT | C79: Group1 | D79: Task 37 of Group1 | E79: 0% Complete | G79: Not Late | H79: 3 | I79: 45970.947 | J79: 45993.171
A80: 5.1.38 | B80: HRT | C80: Group1 | D80: Task 38 of Group1 | E80: 75% Complete | G80: Not Late | H80: 4 | I80: 46000.176 | J80: 46020.063
A81: 5.1.39 | B81: HRT | C81: Group1 | D81: Task 39 of Group1 | E81: 75% Complete | G81: Late | H81: 4 | I81: 45899.948 | J81: 45922.532 | K81: 45915.78
A82: 5.1.41 | B82: HRT | C82: Group1 | D82: Task 41 of Group1 | E82: 0% Complete | G82: Not Late | H82: 4 | I82: 45916.533 | J82: 45941.526 | K82: 45936.351
A83: 5.1.44 | B83: HRT | C83: Group1 | D83: Task 44 of Group1 | E83: 100% Complete | G83: Not Late | H83: 3 | I83: 45905.814 | J83: 45924.109 | K83: 45927.866
A84: 5.1.46 | B84: HRT | C84: Group1 | D84: Task 46 of Group1 | E84: 50% Complete | G84: Not Late | H84: 4 | I84: 45925.878 | J84: 45943.835 | K84: 45936.945
A85: 5.1.51 | B85: HRT | C85: Group1 | D85: Task 51 of Group1 | E85: 100% Complete | G85: Not Late | H85: 4 | I85: 45915.887 | J85: 45936.417 | K85: 45932.168
A86: 5.1.52 | B86: HRT | C86: Group1 | D86: Task 52 of Group1 | E86: 0% Complete | G86: Not Late | H86: 4 | I86: 45966.166 | J86: 45992.565
A87: 5.1.64 | B87: HRT | C87: Group1 | D87: Task 64 of Group1 | E87: 0% Complete | G87: Not Late | H87: 4 | I87: 46011.971 | J87: 46039.037
A88: 5.1.67 | B88: HRT | C88: Group1 | D88: Task 67 of Group1 | E88: 75% Complete | G88: Late | H88: 4 | I88: 45902.696 | J88: 45922.257 | K88: 45914.68
A89: 5.1.69 | B89: HRT | C89: Group1 | D89: Task 69 of Group1 | E89: 100% Complete | G89: Not Late | H89: 4 | I89: 45997.271 | J89: 46013.314
A90: 5.1.7 | B90: HRT | C90: Group1 | D90: Task 7 of Group1 | E90: 100% Complete | G90: Not Late | H90: 4 | I90: 45994.369 | J90: 46011.849
A91: 5.1.76 | B91: HRT | C91: Group1 | D91: Task 76 of Group1 | E91: 25% Complete | G91: Late | H91: 4 | I91: 45940.058 | J91: 45967.073
A92: 5.1.78 | B92: HRT | C92: Group1 | D92: Task 78 of Group1 | E92: 75% Complete | G92: Not Late | H92: 4 | I92: 45912.331 | J92: 45931.098 | K92: 45934.042
A93: 5.2.10 | B93: HRT | C93: Group2 | D93: Task 10 of Group2 | E93: 0% Complete | G93: Not Late | H93: 3 | I93: 45972.674 | J93: 45995.665
A94: 5.2.13 | B94: HRT | C94: Group2 | D94: Task 13 of Group2 | E94: 50% Complete | G94: Late | H94: 1 | I94: 45917.088 | J94: 45944.753 | K94: 45937.509
A95: 5.2.15 | B95: HRT | C95: Group2 | D95: Task 15 of Group2 | E95: 0% Complete | G95: Not Late | H95: 1 | I95: 45949.708 | J95: 45976.172
A96: 5.2.23 | B96: HRT | C96: Group2 | D96: Task 23 of Group2 | E96: 50% Complete | G96: Not Late | H96: 4 | I96: 46010.287 | J96: 46037.481
A97: 5.2.30 | B97: HRT | C97: Group2 | D97: Task 30 of Group2 | E97: 100% Complete | G97: Not Late | H97: 3 | I97: 45999.258 | J97: 46026.02
A98: 5.2.32 | B98: HRT | C98: Group2 | D98: Task 32 of Group2 | E98: 100% Complete | G98: Not Late | H98: 4 | I98: 45920.155 | J98: 45942.081 | K98: 45948.345
A99: 5.2.33 | B99: HRT | C99: Group2 | D99: Task 33 of Group2 | E99: 0% Complete | G99: Not Late | H99: 3 | I99: 45999.638 | J99: 46023.408
A100: 5.2.34 | B100: HRT | C100: Group2 | D100: Task 34 of Group2 | E100: 50% Complete | G100: Not Late | H100: 2 | I100: 45878.838 | J100: 45900.452 | K100: 45907.606
...

Sheet Financial Forecast
A1: Year | B1: Quarter | C1: Month | D1: Stream | E1: Date | F1: Role | G1: Planned Spend | H1: Actual Spend | I1: Projected Spend | J1: DB-Projected Spend
A2: 2025 | B2: Q3 | C2: August | D2: ENGG | E2: =EOMONTH(DATE(A2, MONTH(1 & C2), 1), 0) -> 45900 | F2: Engineering Manager | G2: 36000 | H2: 0 | I2: 24000 | J2: =IF(E2<TODAY(),0,I2) -> 0
A3: 2025 | B3: Q3 | C3: September | D3: ENGG | E3: =EOMONTH(DATE(A3, MONTH(1 & C3), 1), 0) -> 45930 | F3: Engineering Manager | G3: 48000 | H3: 80000 | I3: 80000 | J3: =IF(E3<TODAY(),0,I3) -> 0
A4: 2025 | B4: Q4 | C4: October | D4: ENGG | E4: =EOMONTH(DATE(A4, MONTH(1 & C4), 1), 0) -> 45961 | F4: Engineering Manager | G4: 60000 | H4: 24000 | I4: 80000 | J4: =IF(E4<TODAY(),0,I4) -> 0
A5: 2025 | B5: Q4 | C5: November | D5: ENGG | E5: =EOMONTH(DATE(A5, MONTH(1 & C5), 1), 0) -> 45991 | F5: Engineering Manager | G5: 60000 | H5: 27000 | I5: 80000 | J5: =IF(E5<TODAY(),0,I5) -> 0
A6: 2025 | B6: Q4 | C6: December | D6: ENGG | E6: =EOMONTH(DATE(A6, MONTH(1 & C6), 1), 0) -> 46022 | F6: Engineering Manager | G6: 60000 | H6: 60000 | I6: 80000 | J6: =IF(E6<TODAY(),0,I6) -> 0
A7: 2026 | B7: Q1 | C7: January | D7: ENGG | E7: =EOMONTH(DATE(A7, MONTH(1 & C7), 1), 0) -> 46053 | F7: Engineering Manager | G7: 60000 | H7: 100000 | I7: 48000 | J7: =IF(E7<TODAY(),0,I7) -> 0
A8: 2026 | B8: Q1 | C8: February | D8: ENGG | E8: =EOMONTH(DATE(A8, MONTH(1 & C8), 1), 0) -> 46081 | F8: Engineering Manager | G8: 60000 | H8: 0 | I8: 100000 | J8: =IF(E8<TODAY(),0,I8) -> 0
A9: 2026 | B9: Q1 | C9: March | D9: ENGG | E9: =EOMONTH(DATE(A9, MONTH(1 & C9), 1), 0) -> 46112 | F9: Engineering Manager | G9: 60000 | H9: 0 | I9: 100000 | J9: =IF(E9<TODAY(),0,I9) -> 100000
A10: 2026 | B10: Q2 | C10: April | D10: ENGG | E10: =EOMONTH(DATE(A10, MONTH(1 & C10), 1), 0) -> 46142 | F10: Engineering Manager | G10: 60000 | H10: 0 | I10: 150000 | J10: =IF(E10<TODAY(),0,I10) -> 150000
A11: 2026 | B11: Q2 | C11: May | D11: ENGG | E11: =EOMONTH(DATE(A11, MONTH(1 & C11), 1), 0) -> 46173 | F11: Engineering Manager | G11: 60000 | H11: 0 | I11: 60000 | J11: =IF(E11<TODAY(),0,I11) -> 60000
A12: 2026 | B12: Q2 | C12: June | D12: ENGG | E12: =EOMONTH(DATE(A12, MONTH(1 & C12), 1), 0) -> 46203 | F12: Engineering Manager | G12: 60000 | H12: 0 | I12: 60000 | J12: =IF(E12<TODAY(),0,I12) -> 60000
A13: 2026 | B13: Q3 | C13: July | D13: ENGG | E13: =EOMONTH(DATE(A13, MONTH(1 & C13), 1), 0) -> 46234 | F13: Engineering Manager | G13: 60000 | H13: 0 | I13: 60000 | J13: =IF(E13<TODAY(),0,I13) -> 60000
... A16: 2026 | B16: Q4 | C16: October | D16: ENGG | E16: =EOMONTH(DATE(A16, MONTH(1 & C16), 1), 0) -> 46326 | F16: Engineering Manager | G16: 60000 | H16: 0 | I16: 60000 | J16: =IF(E16<TODAY(),0,I16) -> 60000
A17: 2026 | B17: Q4 | C17: November | D17: ENGG | E17: =EOMONTH(DATE(A17, MONTH(1 & C17), 1), 0) -> 46356 | F17: Engineering Manager | G17: 60000 | I17: 60000 | J17: =IF(E17<TODAY(),0,I17) -> 60000
A18: 2026 | B18: Q4 | C18: December | D18: ENGG | E18: =EOMONTH(DATE(A18, MONTH(1 & C18), 1), 0) -> 46387 | F18: Engineering Manager | G18: 60000 | H18: 0 | I18: 60000 | J18: =IF(E18<TODAY(),0,I18) -> 60000
A19: 2025 | B19: Q3 | C19: August | D19: ENGG | E19: =EOMONTH(DATE(A19, MONTH(1 & C19), 1), 0) -> 45900 | F19: Platform Delivery Lead | G19: 11000 | H19: 0 | I19: 11000 | J19: =IF(E19<TODAY(),0,I19) -> 0
A20: 2025 | B20: Q3 | C20: September | D20: ENGG | E20: =EOMONTH(DATE(A20, MONTH(1 & C20), 1), 0) -> 45930 | F20: Platform Delivery Lead | G20: 11000 | H20: 0 | I20: 11000 | J20: =IF(E20<TODAY(),0,I20) -> 0
A21: 2025 | B21: Q4 | C21: October | D21: ENGG | E21: =EOMONTH(DATE(A21, MONTH(1 & C21), 1), 0) -> 45961 | F21: Platform Delivery Lead | G21: 11000 | H21: 20000 | I21: 11000 | J21: =IF(E21<TODAY(),0,I21) -> 0
A22: 2025 | B22: Q4 | C22: November | D22: ENGG | E22: =EOMONTH(DATE(A22, MONTH(1 & C22), 1), 0) -> 45991 | F22: Platform Delivery Lead | G22: 11000 | H22: 80000 | I22: 11000 | J22: =IF(E22<TODAY(),0,I22) -> 0
A23: 2025 | B23: Q4 | C23: December | D23: ENGG | E23: =EOMONTH(DATE(A23, MONTH(1 & C23), 1), 0) -> 46022 | F23: Platform Delivery Lead | G23: 11000 | H23: 20000 | I23: 11000 | J23: =IF(E23<TODAY(),0,I23) -> 0
A24: 2026 | B24: Q1 | C24: January | D24: ENGG | E24: =EOMONTH(DATE(A24, MONTH(1 & C24), 1), 0) -> 46053 | F24: Platform Delivery Lead | G24: 11000 | H24: 20000 | I24: 11000 | J24: =IF(E24<TODAY(),0,I24) -> 0
A25: 2026 | B25: Q1 | C25: February | D25: ENGG | E25: =EOMONTH(DATE(A25, MONTH(1 & C25), 1), 0) -> 46081 | F25: Platform Delivery Lead | G25: 11000 | H25: 0 | I25: 11000 | J25: =IF(E25<TODAY(),0,I25) -> 0
A26: 2026 | B26: Q1 | C26: March | D26: ENGG | E26: =EOMONTH(DATE(A26, MONTH(1 & C26), 1), 0) -> 46112 | F26: Platform Delivery Lead | G26: 11000 | H26: 0 | I26: 11000 | J26: =IF(E26<TODAY(),0,I26) -> 11000
A27: 2026 | B27: Q2 | C27: April | D27: ENGG | E27: =EOMONTH(DATE(A27, MONTH(1 & C27), 1), 0) -> 46142 | F27: Platform Delivery Lead | G27: 11000 | H27: 0 | I27: 11000 | J27: =IF(E27<TODAY(),0,I27) -> 11000
A28: 2026 | B28: Q2 | C28: May | D28: ENGG | E28: =EOMONTH(DATE(A28, MONTH(1 & C28), 1), 0) -> 46173 | F28: Platform Delivery Lead | G28: 11000 | H28: 0 | I28: 11000 | J28: =IF(E28<TODAY(),0,I28) -> 11000
A29: 2026 | B29: Q2 | C29: June | D29: ENGG | E29: =EOMONTH(DATE(A29, MONTH(1 & C29), 1), 0) -> 46203 | F29: Platform Delivery Lead | G29: 11000 | H29: 0 | I29: 11000 | J29: =IF(E29<TODAY(),0,I29) -> 11000
... A50: 2026 | B50: Q4 | C50: October | D50: ENGG | E50: =EOMONTH(DATE(A50, MONTH(1 & C50), 1), 0) -> 46326 | F50: Principal Engineer | G50: 60000 | H50: 0 | I50: 45000 | J50: =IF(E50<TODAY(),0,I50) -> 45000
A51: 2026 | B51: Q4 | C51: November | D51: ENGG | E51: =EOMONTH(DATE(A51, MONTH(1 & C51), 1), 0) -> 46356 | F51: Principal Engineer | G51: 60000 | I51: 45000 | J51: =IF(E51<TODAY(),0,I51) -> 45000
A52: 2026 | B52: Q4 | C52: December | D52: ENGG | E52: =EOMONTH(DATE(A52, MONTH(1 & C52), 1), 0) -> 46387 | F52: Principal Engineer | G52: 60000 | H52: 0 | I52: 45000 | J52: =IF(E52<TODAY(),0,I52) -> 45000
A53: 2025 | B53: Q3 | C53: August | D53: ENGG | E53: =EOMONTH(DATE(A53, MONTH(1 & C53), 1), 0) -> 45900 | F53: Senior SDE | G53: 40000 | H53: 0 | I53: 20000 | J53: =IF(E53<TODAY(),0,I53) -> 0
A54: 2025 | B54: Q3 | C54: September | D54: ENGG | E54: =EOMONTH(DATE(A54, MONTH(1 & C54), 1), 0) -> 45930 | F54: Senior SDE | G54: 50000 | H54: 0 | I54: 20000 | J54: =IF(E54<TODAY(),0,I54) -> 0
A55: 2025 | B55: Q4 | C55: October | D55: ENGG | E55: =EOMONTH(DATE(A55, MONTH(1 & C55), 1), 0) -> 45961 | F55: Senior SDE | G55: 60000 | H55: 10000 | I55: 20000 | J55: =IF(E55<TODAY(),0,I55) -> 0
A56: 2025 | B56: Q4 | C56: November | D56: ENGG | E56: =EOMONTH(DATE(A56, MONTH(1 & C56), 1), 0) -> 45991 | F56: Senior SDE | G56: 60000 | H56: 24000 | I56: 20000 | J56: =IF(E56<TODAY(),0,I56) -> 0
A57: 2025 | B57: Q4 | C57: December | D57: ENGG | E57: =EOMONTH(DATE(A57, MONTH(1 & C57), 1), 0) -> 46022 | F57: Senior SDE | G57: 60000 | H57: 200000 | I57: 30000 | J57: =IF(E57<TODAY(),0,I57) -> 0
A58: 2026 | B58: Q1 | C58: January | D58: ENGG | E58: =EOMONTH(DATE(A58, MONTH(1 & C58), 1), 0) -> 46053 | F58: Senior SDE | G58: 60000 | H58: 0 | I58: 40000 | J58: =IF(E58<TODAY(),0,I58) -> 0
A59: 2026 | B59: Q1 | C59: February | D59: ENGG | E59: =EOMONTH(DATE(A59, MONTH(1 & C59), 1), 0) -> 46081 | F59: Senior SDE | G59: 60000 | H59: 0 | I59: 100000 | J59: =IF(E59<TODAY(),0,I59) -> 0
A60: 2026 | B60: Q1 | C60: March | D60: ENGG | E60: =EOMONTH(DATE(A60, MONTH(1 & C60), 1), 0) -> 46112 | F60: Senior SDE | G60: 60000 | H60: 0 | I60: 100000 | J60: =IF(E60<TODAY(),0,I60) -> 100000
A61: 2026 | B61: Q2 | C61: April | D61: ENGG | E61: =EOMONTH(DATE(A61, MONTH(1 & C61), 1), 0) -> 46142 | F61: Senior SDE | G61: 60000 | H61: 0 | I61: 100000 | J61: =IF(E61<TODAY(),0,I61) -> 100000
A62: 2026 | B62: Q2 | C62: May | D62: ENGG | E62: =EOMONTH(DATE(A62, MONTH(1 & C62), 1), 0) -> 46173 | F62: Senior SDE | G62: 60000 | H62: 0 | I62: 40000 | J62: =IF(E62<TODAY(),0,I62) -> 40000
A63: 2026 | B63: Q2 | C63: June | D63: ENGG | E63: =EOMONTH(DATE(A63, MONTH(1 & C63), 1), 0) -> 46203 | F63: Senior SDE | G63: 60000 | H63: 0 | I63: 40000 | J63: =IF(E63<TODAY(),0,I63) -> 40000
... A118: 2026 | B118: Q4 | C118: October | D118: ENGG | E118: =EOMONTH(DATE(A118, MONTH(1 & C118), 1), 0) -> 46326 | F118: Software Developer 2 | G118: 48000 | H118: 0 | I118: 32000 | J118: =IF(E118<TODAY(),0,I118) -> 32000
A119: 2026 | B119: Q4 | C119: November | D119: ENGG | E119: =EOMONTH(DATE(A119, MONTH(1 & C119), 1), 0) -> 46356 | F119: Software Developer 2 | G119: 48000 | I119: 32000 | J119: =IF(E119<TODAY(),0,I119) -> 32000
A120: 2026 | B120: Q4 | C120: December | D120: ENGG | E120: =EOMONTH(DATE(A120, MONTH(1 & C120), 1), 0) -> 46387 | F120: Software Developer 2 | G120: 48000 | H120: 0 | I120: 32000 | J120: =IF(E120<TODAY(),0,I120) -> 32000
A121: 2025 | B121: Q3 | C121: August | D121: ENGG | E121: =EOMONTH(DATE(A121, MONTH(1 & C121), 1), 0) -> 45900 | F121: Staff Engineer | G121: 18000 | H121: 0 | I121: 0 | J121: =IF(E121<TODAY(),0,I121) -> 0
A122: 2025 | B122: Q3 | C122: September | D122: ENGG | E122: =EOMONTH(DATE(A122, MONTH(1 & C122), 1), 0) -> 45930 | F122: Staff Engineer | G122: 27000 | H122: 0 | I122: 0 | J122: =IF(E122<TODAY(),0,I122) -> 0
A123: 2025 | B123: Q4 | C123: October | D123: ENGG | E123: =EOMONTH(DATE(A123, MONTH(1 & C123), 1), 0) -> 45961 | F123: Staff Engineer | G123: 36000 | H123: 100000 | I123: 0 | J123: =IF(E123<TODAY(),0,I123) -> 0
A124: 2025 | B124: Q4 | C124: November | D124: ENGG | E124: =EOMONTH(DATE(A124, MONTH(1 & C124), 1), 0) -> 45991 | F124: Staff Engineer | G124: 45000 | H124: 100000 | I124: 0 | J124: =IF(E124<TODAY(),0,I124) -> 0
A125: 2025 | B125: Q4 | C125: December | D125: ENGG | E125: =EOMONTH(DATE(A125, MONTH(1 & C125), 1), 0) -> 46022 | F125: Staff Engineer | G125: 45000 | H125: 0 | I125: 0 | J125: =IF(E125<TODAY(),0,I125) -> 0
A126: 2026 | B126: Q1 | C126: January | D126: ENGG | E126: =EOMONTH(DATE(A126, MONTH(1 & C126), 1), 0) -> 46053 | F126: Staff Engineer | G126: 45000 | H126: 60000 | I126: 9000 | J126: =IF(E126<TODAY(),0,I126) -> 0
A127: 2026 | B127: Q1 | C127: February | D127: ENGG | E127: =EOMONTH(DATE(A127, MONTH(1 & C127), 1), 0) -> 46081 | F127: Staff Engineer | G127: 45000 | H127: 0 | I127: 9000 | J127: =IF(E127<TODAY(),0,I127) -> 0
A128: 2026 | B128: Q1 | C128: March | D128: ENGG | E128: =EOMONTH(DATE(A128, MONTH(1 & C128), 1), 0) -> 46112 | F128: Staff Engineer | G128: 45000 | H128: 0 | I128: 9000 | J128: =IF(E128<TODAY(),0,I128) -> 9000
A129: 2026 | B129: Q2 | C129: April | D129: ENGG | E129: =EOMONTH(DATE(A129, MONTH(1 & C129), 1), 0) -> 46142 | F129: Staff Engineer | G129: 45000 | H129: 0 | I129: 9000 | J129: =IF(E129<TODAY(),0,I129) -> 9000
A130: 2026 | B130: Q2 | C130: May | D130: ENGG | E130: =EOMONTH(DATE(A130, MONTH(1 & C130), 1), 0) -> 46173 | F130: Staff Engineer | G130: 45000 | H130: 0 | I130: 9000 | J130: =IF(E130<TODAY(),0,I130) -> 9000
A131: 2026 | B131: Q2 | C131: June | D131: ENGG | E131: =EOMONTH(DATE(A131, MONTH(1 & C131), 1), 0) -> 46203 | F131: Staff Engineer | G131: 45000 | H131: 0 | I131: 9000 | J131: =IF(E131<TODAY(),0,I131) -> 9000
... A135: 2026 | B135: Q4 | C135: October | D135: ENGG | E135: =EOMONTH(DATE(A135, MONTH(1 & C135), 1), 0) -> 46326 | F135: Staff Engineer | G135: 45000 | H135: 0 | I135: 9000 | J135: =IF(E135<TODAY(),0,I135) -> 9000
A136: 2026 | B136: Q4 | C136: November | D136: ENGG | E136: =EOMONTH(DATE(A136, MONTH(1 & C136), 1), 0) -> 46356 | F136: Staff Engineer | G136: 45000 | I136: 9000 | J136: =IF(E136<TODAY(),0,I136) -> 9000
A137: 2026 | B137: Q4 | C137: December | D137: ENGG | E137: =EOMONTH(DATE(A137, MONTH(1 & C137), 1), 0) -> 46387 | F137: Staff Engineer | G137: 45000 | H137: 0 | I137: 9000 | J137: =IF(E137<TODAY(),0,I137) -> 9000
A138: 2025 | B138: Q3 | C138: August | D138: ENGG | E138: =EOMONTH(DATE(A138, MONTH(1 & C138), 1), 0) -> 45900 | F138: VP Engineering | G138: 80000 | H138: 0 | I138: 0 | J138: =IF(E138<TODAY(),0,I138) -> 0
A139: 2025 | B139: Q3 | C139: September | D139: ENGG | E139: =EOMONTH(DATE(A139, MONTH(1 & C139), 1), 0) -> 45930 | F139: VP Engineering | G139: 120000 | H139: 200000 | I139: 0 | J139: =IF(E139<TODAY(),0,I139) -> 0
A140: 2025 | B140: Q4 | C140: October | D140: ENGG | E140: =EOMONTH(DATE(A140, MONTH(1 & C140), 1), 0) -> 45961 | F140: VP Engineering | G140: 140000 | H140: 20000 | I140: 0 | J140: =IF(E140<TODAY(),0,I140) -> 0
A141: 2025 | B141: Q4 | C141: November | D141: ENGG | E141: =EOMONTH(DATE(A141, MONTH(1 & C141), 1), 0) -> 45991 | F141: VP Engineering | G141: 140000 | H141: 65000 | I141: 40000 | J141: =IF(E141<TODAY(),0,I141) -> 0
A142: 2025 | B142: Q4 | C142: December | D142: ENGG | E142: =EOMONTH(DATE(A142, MONTH(1 & C142), 1), 0) -> 46022 | F142: VP Engineering | G142: 140000 | H142: 300000 | I142: 40000 | J142: =IF(E142<TODAY(),0,I142) -> 0
A143: 2026 | B143: Q1 | C143: January | D143: ENGG | E143: =EOMONTH(DATE(A143, MONTH(1 & C143), 1), 0) -> 46053 | F143: VP Engineering | G143: 140000 | H143: 200000 | I143: 80000 | J143: =IF(E143<TODAY(),0,I143) -> 0
A144: 2026 | B144: Q1 | C144: February | D144: ENGG | E144: =EOMONTH(DATE(A144, MONTH(1 & C144), 1), 0) -> 46081 | F144: VP Engineering | G144: 140000 | H144: 0 | I144: 100000 | J144: =IF(E144<TODAY(),0,I144) -> 0
A145: 2026 | B145: Q1 | C145: March | D145: ENGG | E145: =EOMONTH(DATE(A145, MONTH(1 & C145), 1), 0) -> 46112 | F145: VP Engineering | G145: 140000 | H145: 0 | I145: 100000 | J145: =IF(E145<TODAY(),0,I145) -> 100000
A146: 2026 | B146: Q2 | C146: April | D146: ENGG | E146: =EOMONTH(DATE(A146, MONTH(1 & C146), 1), 0) -> 46142 | F146: VP Engineering | G146: 140000 | H146: 0 | I146: 100000 | J146: =IF(E146<TODAY(),0,I146) -> 100000
A147: 2026 | B147: Q2 | C147: May | D147: ENGG | E147: =EOMONTH(DATE(A147, MONTH(1 & C147), 1), 0) -> 46173 | F147: VP Engineering | G147: 140000 | H147: 0 | I147: 100000 | J147: =IF(E147<TODAY(),0,I147) -> 100000
A148: 2026 | B148: Q2 | C148: June | D148: ENGG | E148: =EOMONTH(DATE(A148, MONTH(1 & C148), 1), 0) -> 46203 | F148: VP Engineering | G148: 140000 | H148: 0 | I148: 100000 | J148: =IF(E148<TODAY(),0,I148) -> 100000
... A152: 2026 | B152: Q4 | C152: October | D152: ENGG | E152: =EOMONTH(DATE(A152, MONTH(1 & C152), 1), 0) -> 46326 | F152: VP Engineering | G152: 140000 | H152: 0 | I152: 100000 | J152: =IF(E152<TODAY(),0,I152) -> 100000
A153: 2026 | B153: Q4 | C153: November | D153: ENGG | E153: =EOMONTH(DATE(A153, MONTH(1 & C153), 1), 0) -> 46356 | F153: VP Engineering | G153: 140000 | I153: 100000 | J153: =IF(E153<TODAY(),0,I153) -> 100000
A154: 2026 | B154: Q4 | C154: December | D154: ENGG | E154: =EOMONTH(DATE(A154, MONTH(1 & C154), 1), 0) -> 46387 | F154: VP Engineering | G154: 140000 | H154: 0 | I154: 100000 | J154: =IF(E154<TODAY(),0,I154) -> 100000
A155: 2025 | B155: Q3 | C155: August | D155: ITES | E155: =EOMONTH(DATE(A155, MONTH(1 & C155), 1), 0) -> 45900 | F155: Application Support Analyst | G155: 15000 | H155: 0 | I155: 0 | J155: =IF(E155<TODAY(),0,I155) -> 0
A156: 2025 | B156: Q3 | C156: September | D156: ITES | E156: =EOMONTH(DATE(A156, MONTH(1 & C156), 1), 0) -> 45930 | F156: Application Support Analyst | G156: 20000 | H156: 10000 | I156: 0 | J156: =IF(E156<TODAY(),0,I156) -> 0
A157: 2025 | B157: Q4 | C157: October | D157: ITES | E157: =EOMONTH(DATE(A157, MONTH(1 & C157), 1), 0) -> 45961 | F157: Application Support Analyst | G157: 25000 | H157: 15000 | I157: 0 | J157: =IF(E157<TODAY(),0,I157) -> 0
A158: 2025 | B158: Q4 | C158: November | D158: ITES | E158: =EOMONTH(DATE(A158, MONTH(1 & C158), 1), 0) -> 45991 | F158: Application Support Analyst | G158: 30000 | H158: 10000 | I158: 10000 | J158: =IF(E158<TODAY(),0,I158) -> 0
A159: 2025 | B159: Q4 | C159: December | D159: ITES | E159: =EOMONTH(DATE(A159, MONTH(1 & C159), 1), 0) -> 46022 | F159: Application Support Analyst | G159: 35000 | H159: 0 | I159: 10000 | J159: =IF(E159<TODAY(),0,I159) -> 0
A160: 2026 | B160: Q1 | C160: January | D160: ITES | E160: =EOMONTH(DATE(A160, MONTH(1 & C160), 1), 0) -> 46053 | F160: Application Support Analyst | G160: 35000 | H160: 50000 | I160: 10000 | J160: =IF(E160<TODAY(),0,I160) -> 0
A161: 2026 | B161: Q1 | C161: February | D161: ITES | E161: =EOMONTH(DATE(A161, MONTH(1 & C161), 1), 0) -> 46081 | F161: Application Support Analyst | G161: 35000 | H161: 0 | I161: 15000 | J161: =IF(E161<TODAY(),0,I161) -> 0
A162: 2026 | B162: Q1 | C162: March | D162: ITES | E162: =EOMONTH(DATE(A162, MONTH(1 & C162), 1), 0) -> 46112 | F162: Application Support Analyst | G162: 35000 | H162: 0 | I162: 15000 | J162: =IF(E162<TODAY(),0,I162) -> 15000
A163: 2026 | B163: Q2 | C163: April | D163: ITES | E163: =EOMONTH(DATE(A163, MONTH(1 & C163), 1), 0) -> 46142 | F163: Application Support Analyst | G163: 35000 | H163: 0 | I163: 15000 | J163: =IF(E163<TODAY(),0,I163) -> 15000
A164: 2026 | B164: Q2 | C164: May | D164: ITES | E164: =EOMONTH(DATE(A164, MONTH(1 & C164), 1), 0) -> 46173 | F164: Application Support Analyst | G164: 35000 | H164: 0 | I164: 15000 | J164: =IF(E164<TODAY(),0,I164) -> 15000
A165: 2026 | B165: Q2 | C165: June | D165: ITES | E165: =EOMONTH(DATE(A165, MONTH(1 & C165), 1), 0) -> 46203 | F165: Application Support Analyst | G165: 35000 | H165: 0 | I165: 15000 | J165: =IF(E165<TODAY(),0,I165) -> 15000
... A169: 2026 | B169: Q4 | C169: October | D169: ITES | E169: =EOMONTH(DATE(A169, MONTH(1 & C169), 1), 0) -> 46326 | F169: Application Support Analyst | G169: 35000 | H169: 0 | I169: 150000 | J169: =IF(E169<TODAY(),0,I169) -> 150000
A170: 2026 | B170: Q4 | C170: November | D170: ITES | E170: =EOMONTH(DATE(A170, MONTH(1 & C170), 1), 0) -> 46356 | F170: Application Support Analyst | G170: 35000 | I170: 150000 | J170: =IF(E170<TODAY(),0,I170) -> 150000
A171: 2026 | B171: Q4 | C171: December | D171: ITES | E171: =EOMONTH(DATE(A171, MONTH(1 & C171), 1), 0) -> 46387 | F171: Application Support Analyst | G171: 35000 | H171: 0 | I171: 150000 | J171: =IF(E171<TODAY(),0,I171) -> 150000
A172: 2025 | B172: Q3 | C172: August | D172: ITES | E172: =EOMONTH(DATE(A172, MONTH(1 & C172), 1), 0) -> 45900 | F172: Computer Technician | G172: 8000 | H172: 0 | I172: 0 | J172: =IF(E172<TODAY(),0,I172) -> 0
A173: 2025 | B173: Q3 | C173: September | D173: ITES | E173: =EOMONTH(DATE(A173, MONTH(1 & C173), 1), 0) -> 45930 | F173: Computer Technician | G173: 12000 | H173: 4000 | I173: 0 | J173: =IF(E173<TODAY(),0,I173) -> 0
A174: 2025 | B174: Q4 | C174: October | D174: ITES | E174: =EOMONTH(DATE(A174, MONTH(1 & C174), 1), 0) -> 45961 | F174: Computer Technician | G174: 16000 | H174: 4000 | I174: 0 | J174: =IF(E174<TODAY(),0,I174) -> 0
A175: 2025 | B175: Q4 | C175: November | D175: ITES | E175: =EOMONTH(DATE(A175, MONTH(1 & C175), 1), 0) -> 45991 | F175: Computer Technician | G175: 20000 | H175: 5000 | I175: 100000 | J175: =IF(E175<TODAY(),0,I175) -> 0
A176: 2025 | B176: Q4 | C176: December | D176: ITES | E176: =EOMONTH(DATE(A176, MONTH(1 & C176), 1), 0) -> 46022 | F176: Computer Technician | G176: 24000 | H176: 30000 | I176: 100000 | J176: =IF(E176<TODAY(),0,I176) -> 0
A177: 2026 | B177: Q1 | C177: January | D177: ITES | E177: =EOMONTH(DATE(A177, MONTH(1 & C177), 1), 0) -> 46053 | F177: Computer Technician | G177: 24000 | H177: 0 | I177: 4000 | J177: =IF(E177<TODAY(),0,I177) -> 0
A178: 2026 | B178: Q1 | C178: February | D178: ITES | E178: =EOMONTH(DATE(A178, MONTH(1 & C178), 1), 0) -> 46081 | F178: Computer Technician | G178: 24000 | H178: 0 | I178: 100000 | J178: =IF(E178<TODAY(),0,I178) -> 0
A179: 2026 | B179: Q1 | C179: March | D179: ITES | E179: =EOMONTH(DATE(A179, MONTH(1 & C179), 1), 0) -> 46112 | F179: Computer Technician | G179: 24000 | H179: 0 | I179: 100000 | J179: =IF(E179<TODAY(),0,I179) -> 100000
A180: 2026 | B180: Q2 | C180: April | D180: ITES | E180: =EOMONTH(DATE(A180, MONTH(1 & C180), 1), 0) -> 46142 | F180: Computer Technician | G180: 24000 | H180: 0 | I180: 100000 | J180: =IF(E180<TODAY(),0,I180) -> 100000
A181: 2026 | B181: Q2 | C181: May | D181: ITES | E181: =EOMONTH(DATE(A181, MONTH(1 & C181), 1), 0) -> 46173 | F181: Computer Technician | G181: 24000 | H181: 0 | I181: 8000 | J181: =IF(E181<TODAY(),0,I181) -> 8000
A182: 2026 | B182: Q2 | C182: June | D182: ITES | E182: =EOMONTH(DATE(A182, MONTH(1 & C182), 1), 0) -> 46203 | F182: Computer Technician | G182: 24000 | H182: 0 | I182: 8000 | J182: =IF(E182<TODAY(),0,I182) -> 8000
... A220: 2026 | B220: Q4 | C220: October | D220: ITES | E220: =EOMONTH(DATE(A220, MONTH(1 & C220), 1), 0) -> 46326 | F220: Field Service Technician | G220: 31500 | H220: 0 | I220: 9000 | J220: =IF(E220<TODAY(),0,I220) -> 9000
A221: 2026 | B221: Q4 | C221: November | D221: ITES | E221: =EOMONTH(DATE(A221, MONTH(1 & C221), 1), 0) -> 46356 | F221: Field Service Technician | G221: 31500 | I221: 9000 | J221: =IF(E221<TODAY(),0,I221) -> 9000
A222: 2026 | B222: Q4 | C222: December | D222: ITES | E222: =EOMONTH(DATE(A222, MONTH(1 & C222), 1), 0) -> 46387 | F222: Field Service Technician | G222: 31500 | H222: 0 | I222: 9000 | J222: =IF(E222<TODAY(),0,I222) -> 9000
...

Sheet Fixed Spend
A1: Year | B1: Quarter | C1: Month | D1: Date | E1: Total Fixed Fees | F1: Governance | G1: WARE | H1: ESOB
A2: 2025 | B2: Q3 | C2: July | D2: =EOMONTH(DATE(A2, MONTH(1 & C2), 1), 0)+1 -> 45870 | E2: =SUM(F2:H2) -> 360000 | F2: 66666.667 | G2: =600000/6 -> 100000 | H2: 193333.33
A3: 2025 | B3: Q3 | C3: August | D3: =EOMONTH(DATE(A3, MONTH(1 & C3), 1), 0)+1 -> 45901 | E3: =SUM(F3:H3) -> 360000 | F3: 66666.667 | G3: =600000/6 -> 100000 | H3: 193333.33
A4: 2025 | B4: Q3 | C4: September | D4: =EOMONTH(DATE(A4, MONTH(1 & C4), 1), 0)+1 -> 45931 | E4: =SUM(F4:H4) -> 360000 | F4: 66666.667 | G4: =600000/6 -> 100000 | H4: 193333.33
A5: 2025 | B5: Q4 | C5: October | D5: =EOMONTH(DATE(A5, MONTH(1 & C5), 1), 0)+1 -> 45962 | E5: =SUM(F5:H5) -> 360000 | F5: 66666.667 | G5: =600000/6 -> 100000 | H5: 193333.33
A6: 2025 | B6: Q4 | C6: November | D6: =EOMONTH(DATE(A6, MONTH(1 & C6), 1), 0)+1 -> 45992 | E6: =SUM(F6:H6) -> 360000 | F6: 66666.667 | G6: =600000/6 -> 100000 | H6: 193333.33
A7: 2025 | B7: Q4 | C7: December | D7: =EOMONTH(DATE(A7, MONTH(1 & C7), 1), 0)+1 -> 46023 | E7: =SUM(F7:H7) -> 360000 | F7: 66666.667 | G7: =600000/6 -> 100000 | H7: 193333.33
A8: 2026 | B8: Q1 | C8: January | D8: =EOMONTH(DATE(A8, MONTH(1 & C8), 1), 0)+1 -> 46054 | E8: =SUM(F8:H8) -> 470000 | F8: 66666.667 | G8: 150000 | H8: 253333.33
A9: 2026 | B9: Q1 | C9: February | D9: =EOMONTH(DATE(A9, MONTH(1 & C9), 1), 0)+1 -> 46082 | E9: =SUM(F9:H9) -> 470000 | F9: 66666.667 | G9: 150000 | H9: 253333.33
A10: 2026 | B10: Q1 | C10: March | D10: =EOMONTH(DATE(A10, MONTH(1 & C10), 1), 0)+1 -> 46113 | E10: =SUM(F10:H10) -> 470000 | F10: 66666.667 | G10: 150000 | H10: 253333.33
A11: 2026 | B11: Q2 | C11: April | D11: =EOMONTH(DATE(A11, MONTH(1 & C11), 1), 0)+1 -> 46143 | E11: =SUM(F11:H11) -> 470000 | F11: 66666.667 | G11: 150000 | H11: 253333.33
A12: 2026 | B12: Q2 | C12: May | D12: =EOMONTH(DATE(A12, MONTH(1 & C12), 1), 0)+1 -> 46174 | E12: =SUM(F12:H12) -> 470000 | F12: 66666.667 | G12: 150000 | H12: 253333.33
A13: 2026 | B13: Q2 | C13: June | D13: =EOMONTH(DATE(A13, MONTH(1 & C13), 1), 0)+1 -> 46204 | E13: =SUM(F13:H13) -> 470000 | F13: 66666.667 | G13: 150000 | H13: 253333.33
A14: 2026 | B14: Q3 | C14: July | D14: =EOMONTH(DATE(A14, MONTH(1 & C14), 1), 0)+1 -> 46235 | E14: =SUM(F14:H14) -> 561666.67 | F14: 66666.667 | G14: 195000 | H14: 300000
A15: 2026 | B15: Q3 | C15: August | D15: =EOMONTH(DATE(A15, MONTH(1 & C15), 1), 0)+1 -> 46266 | E15: =SUM(F15:H15) -> 561666.67 | F15: 66666.667 | G15: 195000 | H15: 300000
A16: 2026 | B16: Q3 | C16: September | D16: =EOMONTH(DATE(A16, MONTH(1 & C16), 1), 0)+1 -> 46296 | E16: =SUM(F16:H16) -> 561666.67 | F16: 66666.667 | G16: 195000 | H16: 300000
A17: 2026 | B17: Q4 | C17: October | D17: =EOMONTH(DATE(A17, MONTH(1 & C17), 1), 0)+1 -> 46327 | E17: =SUM(F17:H17) -> 561666.67 | F17: 66666.667 | G17: 195000 | H17: 300000
A18: 2026 | B18: Q4 | C18: November | D18: =EOMONTH(DATE(A18, MONTH(1 & C18), 1), 0)+1 -> 46357 | E18: =SUM(F18:H18) -> 561666.67 | F18: 66666.667 | G18: 195000 | H18: 300000
A19: 2026 | B19: Q4 | C19: December | D19: =EOMONTH(DATE(A19, MONTH(1 & C19), 1), 0)+1 -> 46388 | E19: =SUM(F19:H19) -> 561666.67 | F19: 66666.667 | G19: 195000 | H19: 300000

Sheet Rolewise - RateCard
A1: Role | B1: Stream | C1: Rate
A2: Brand Manager | B2: SAM | C2: 8000
A3: System Administrator | B3: ITES | C3: 7500
A4: IT Support Specialist | B4: ITES | C4: 5000
A5: Sales Director | B5: SAM | C5: 15000
A6: Platform Delivery Lead | B6: ENGG | C6: 11000
A7: Staff Engineer | B7: ENGG | C7: 9000
A8: Network Administrator | B8: ITES | C8: 7000
A9: Software Developer 1 | B9: ENGG | C9: 6000
A10: Digital Marketing Specialist | B10: SAM | C10: 6000
A11: Innovation Manager | B11: RND | C11: 11000
A12: Technical Support Analyst | B12: ITES | C12: 5500
A13: Research Analyst | B13: RND | C13: 7000
... A35: IT Coordinator | B35: ITES | C35: 5500

Sheet PM Dash
A1: Month | B1: Year | C1: Quarter | D1: Last Date | E1: Feature Delivery (%) | F1: Story Points Completed (%) | G1: Defect Density in Staging | H1: Defect Density - Post-release | I1: # Ideas Submitted | J1: #Ideas Converted | K1: #Ideas Converted to Pilot/MVP | L1: # Ideas Scaled Up | M1: Automation Efficiency Rate (%) | N1: Month Number | O1: Innovation Adoption Rate | P1: Average Cycle Time (days) | Q1: CSAT
A2: July | B2: 2025 | C2: Q3 | D2: =EOMONTH(DATE(B2, MONTH(1 & A2), 1), 0) -> 45869 | E2: 0.92 | F2: 0.95 | G2: 5 | H2: 2 | I2: 18 | J2: =I2/2 -> 9 | K2: 4 | L2: 2 | M2: 0.61 | N2: 7 | O2: 0.92 | P2: 29 | Q2: 8.6406534
A3: August | B3: 2025 | C3: Q3 | D3: =EOMONTH(DATE(B3, MONTH(1 & A3), 1), 0) -> 45900 | E3: 0.92 | F3: 0.93 | G3: 6 | H3: 1 | I3: =18 -> 18 | J3: =I3/2 -> 9 | K3: 4 | L3: 2 | M3: 0.61 | N3: 8 | O3: 0.82 | P3: 30 | Q3: 9.2155387
A4: September | B4: 2025 | C4: Q3 | D4: =EOMONTH(DATE(B4, MONTH(1 & A4), 1), 0) -> 45930 | E4: 0.92 | F4: 0.94 | G4: 9 | H4: 3 | I4: 20 | J4: =I4/2 -> 10 | K4: 5 | L4: 2 | M4: 0.61 | N4: 9 | O4: 0.92 | P4: 29 | Q4: 8.5659835
A5: October | B5: 2025 | C5: Q4 | D5: =EOMONTH(DATE(B5, MONTH(1 & A5), 1), 0) -> 45961 | E5: 0.95 | F5: 0.97 | G5: 5 | H5: 5 | I5: 22 | J5: =I5/2 -> 11 | K5: 4 | L5: 2 | M5: 0.68 | N5: 10 | O5: 0.95 | P5: 26 | Q5: 9.9603728
A6: November | B6: 2025 | C6: Q4 | D6: =EOMONTH(DATE(B6, MONTH(1 & A6), 1), 0) -> 45991 | E6: 0.95 | F6: 0.96 | G6: 4 | H6: 5 | I6: 22 | J6: =I6/2 -> 11 | K6: 4 | L6: 2 | M6: 0.68 | N6: 11 | O6: 0.95 | P6: 42 | Q6: 9.7458211
A7: December | B7: 2025 | C7: Q4 | D7: =EOMONTH(DATE(B7, MONTH(1 & A7), 1), 0) -> 46022 | E7: 0.95 | F7: 0.97 | G7: 2 | H7: 3 | I7: 24 | J7: =I7/2 -> 12 | K7: 3 | L7: 2 | M7: 0.68 | N7: 12 | O7: 0.75 | P7: 32 | Q7: 9.509611
A8: January | B8: 2026 | C8: Q1 | D8: =EOMONTH(DATE(B8, MONTH(1 & A8), 1), 0) -> 46053 | E8: 0.97 | F8: 0.98 | G8: 1 | H8: 0 | I8: 26 | J8: =I8/2 -> 13 | K8: 4 | L8: 1 | M8: 0.7 | N8: 1 | O8: 0.87 | P8: 32 | Q8: 8.5559479
A9: February | B9: 2026 | C9: Q1 | D9: =EOMONTH(DATE(B9, MONTH(1 & A9), 1), 0) -> 46081 | E9: 0.97 | F9: 0.99 | G9: 2 | H9: 1 | I9: 28 | J9: =I9/2 -> 14 | K9: 2 | L9: 1 | M9: 0.7 | N9: 2 | O9: 0.97 | P9: 30 | Q9: 9.6686341
A10: March | B10: 2026 | C10: Q1 | D10: =EOMONTH(DATE(B10, MONTH(1 & A10), 1), 0) -> 46112 | E10: 0.97 | F10: 0.98 | G10: 3 | H10: 1 | I10: 30 | J10: =I10/2 -> 15 | K10: 3 | L10: 1 | M10: 0.7 | N10: 3 | O10: 0.97 | P10: 28 | Q10: 9.6408555

Sheet Theme Plan#
A1: "#7033FF", "#5a28cc", "#8766ff", "#808080", "#a0a0a0", "#5a5a5a"],
A2: "background": "#f0f0f5",
A3: "foreground": "#333333",
A4: "tableAccent": "#7033FF",
A6: #7033FF
A7: #5a28cc
A8: #8766ff
A9: #808080
A10: #a0a0a0
A11: #5a5a5a
A12: #f0f0f5
A13: #333333
A14: #7033FF
